gauge_id,area,equiv_radius_km,n_gauges_inside,is_container,independent
camelsdk_100006,41.64071267801746,3.6406936857076655,0,False,True
camelsdk_100009,106.6593245868324,5.8267244202617485,0,False,True
camelsdk_100010,99.67305313222434,5.632665283692015,0,False,True
camelsdk_100011,27.933881935264,2.981883763577201,0,False,True
camelsdk_100013,52.41911765800485,4.084791717526643,0,False,True
camelsdk_100014,90.03643371427124,5.353455609976055,0,False,True
camelsdk_110011,234.8496415358195,8.646095226607832,0,False,True
camelsdk_110016,107.7795677347659,5.8572435444150255,0,False,True
camelsdk_120001,15.16768662511496,2.1972766333149196,0,False,True
camelsdk_130005,114.80389697748426,6.0450984591120305,0,False,True
camelsdk_130008,81.94085364668612,5.107111101011932,0,False,True
camelsdk_130011,11.3855559022563,1.9037161036736516,0,False,True
camelsdk_130019,115.79431014797748,6.071117992918048,0,False,True
camelsdk_140016,317.46044022911803,10.0524025286091,2,True,False
camelsdk_140022,212.38674665714584,8.222213884069284,0,False,True
camelsdk_150002,95.8859734277804,5.524622456640703,0,False,True
camelsdk_150032,81.10973160208663,5.081144500470145,0,False,True
camelsdk_150042,31.2205926663999,3.1524313312477155,0,False,True
camelsdk_150046,62.29211108917944,4.452886119242749,0,False,True
camelsdk_150073,124.4737632713884,6.2945396511408,0,False,True
camelsdk_160023,17.016543433992847,2.327344839879942,0,False,True
camelsdk_160024,24.07899219827613,2.7684980162632695,0,False,True
camelsdk_160053,34.15039619757992,3.2970302890302694,0,False,True
camelsdk_160054,75.15862873376327,4.891189482935001,0,False,True
camelsdk_160070,30.62497181193086,3.122215766380906,0,False,True
camelsdk_160168,21.312675611963773,2.6046180810852557,0,False,True
camelsdk_160207,24.137331648591854,2.7718497956858488,1,True,False
camelsdk_170007,217.19927857424588,8.314846820126613,0,False,True
camelsdk_180077,554.1328585481799,13.281037878688913,3,True,False
camelsdk_190012,109.24721298931242,5.896988039035214,0,False,True
camelsdk_190016,64.03894271651956,4.514889651744063,0,False,True
camelsdk_200021,79.90964474391726,5.043414510371267,0,False,True
camelsdk_200024,624.2173910100518,14.095906025735003,3,True,False
camelsdk_200026,516.3273376652186,12.819988146866415,0,False,True
camelsdk_20005,122.81754985468234,6.252522716121547,0,False,True
camelsdk_20006,107.69121283362357,5.854842243823919,0,False,True
camelsdk_210030,32.07266167237307,3.1951596652662446,0,False,True
camelsdk_210062,121.48375561098352,6.2184789475973625,0,False,True
camelsdk_210068,16.15613003241968,2.267742470341381,0,False,True
camelsdk_210077,80.07429742976376,5.048607778498455,0,False,True
camelsdk_210084,1279.4559921083348,20.180770332798822,6,True,False
camelsdk_210085,187.69523812587605,7.729505151372052,1,True,False
camelsdk_210089,375.3392405076991,10.930425011238865,1,True,False
camelsdk_210090,11.814402047412596,1.93923721371096,0,False,True
camelsdk_210413,236.94882070869508,8.684650375873986,0,False,True
camelsdk_210446,63.1267215193236,4.482617487804614,0,False,True
camelsdk_210461,1780.5762332076329,23.807037155721087,4,True,False
camelsdk_210467,2563.8065391382925,28.567200907165688,8,True,False
camelsdk_210487,27.426994728539466,2.9547053271696697,0,False,True
camelsdk_210502,100.12084832188197,5.64530387436875,0,False,True
camelsdk_210548,301.70123705780804,9.79971869133904,0,False,True
camelsdk_210665,57.001349494630816,4.2595883686053995,1,True,False
camelsdk_210666,34.96670465587216,3.3362025986490824,1,True,False
camelsdk_210712,53.57234842886261,4.129480370578075,0,False,True
camelsdk_210788,12.5847113057407,2.0014589736954855,0,False,True
camelsdk_210792,30.6965494384658,3.125862306307358,0,False,True
camelsdk_210793,10.91394139134508,1.8638710905252043,0,False,True
camelsdk_210794,229.1972310909464,8.541413497905316,1,True,False
camelsdk_210872,21.875252290779,2.6387703702519416,0,False,True
camelsdk_220048,22.83079993338937,2.695787329943159,0,False,True
camelsdk_220050,82.75007018496858,5.132267084074838,1,True,False
camelsdk_220062,1092.304752136224,18.64648495911482,2,True,False
camelsdk_230055,46.75453533753163,3.8577753721368633,0,False,True
camelsdk_230087,78.27452190412343,4.991548272669729,0,False,True
camelsdk_240001,75.32955036314205,4.896747961899599,0,False,True
camelsdk_240003,26.05841621559565,2.880043662814176,0,False,True
camelsdk_250019,111.58031520570528,5.959623933897133,0,False,True
camelsdk_250020,116.79462767687838,6.0972850222623975,0,False,True
camelsdk_250021,46.3123534431429,3.839489543336497,0,False,True
camelsdk_250075,91.42149554638692,5.39447549277243,0,False,True
camelsdk_250078,619.8572660149429,14.046590183934752,1,True,False
camelsdk_250082,1048.142282751043,18.26565221192233,2,True,False
camelsdk_250086,80.31162279434275,5.0560838116968325,0,False,True
camelsdk_250087,68.18764484883445,4.658841215471208,0,False,True
camelsdk_250090,269.20865049898543,9.25698519497703,0,False,True
camelsdk_250091,77.411882415551,4.963966909737315,0,False,True
camelsdk_250092,64.32627467461104,4.525007090635627,0,False,True
camelsdk_250097,1545.6592548121755,22.181041938515563,2,True,False
camelsdk_250733,29.50932044368896,3.0648178464293174,0,False,True
camelsdk_260037,49.67894412010325,3.976593900387738,0,False,True
camelsdk_260080,322.2224564686048,10.127516647450303,3,True,False
camelsdk_260082,118.1575552666295,6.132757778412237,0,False,True
camelsdk_260096,130.93547244052587,6.455854345473157,1,True,False
camelsdk_270002,39.169616502414165,3.5310163084792148,0,False,True
camelsdk_270003,12.93696320384164,2.0292765422629615,0,False,True
camelsdk_270004,74.6576801533108,4.874861810589733,0,False,True
camelsdk_270021,46.59428121086383,3.851158312643821,0,False,True
camelsdk_270035,84.8859940063394,5.198081481734952,1,True,False
camelsdk_270045,135.72208999374686,6.5727987203729095,1,True,False
camelsdk_280001,153.5839108697333,6.991943734656784,1,True,False
camelsdk_290009,97.6104638480408,5.574080698897073,0,False,True
camelsdk_300016,35.34593471691123,3.354245139640171,0,False,True
camelsdk_30002,345.9680015500875,10.494047607889048,0,False,True
camelsdk_30003,152.29924484383506,6.962639965711167,0,False,True
camelsdk_310016,87.10514809031689,5.26558921438532,0,False,True
camelsdk_310017,130.47182718575218,6.444414051074619,0,False,True
camelsdk_310021,199.18846519519323,7.962641376164439,1,True,False
camelsdk_310023,146.94535173207967,6.839163558877312,1,True,False
camelsdk_310027,811.4026112605094,16.071013435361298,2,True,False
camelsdk_310032,14.372697758574438,2.1389183686353843,0,False,True
camelsdk_320001,198.1525838649404,7.941909494389446,1,True,False
camelsdk_320004,63.160507994019945,4.483816913176416,0,False,True
camelsdk_320013,15.611441225157945,2.229187313696398,0,False,True
camelsdk_320022,29.04751689736492,3.0407419814120966,0,False,True
camelsdk_330004,64.23605197339808,4.5218326365035235,0,False,True
camelsdk_340002,80.37133581198484,5.057963103340327,0,False,True
camelsdk_340019,267.07435580785705,9.220217340161142,3,True,False
camelsdk_340023,28.0863090343014,2.9900083331039817,0,False,True
camelsdk_350006,212.00083237321044,8.214740459904105,0,False,True
camelsdk_350010,222.51913878588545,8.416058563285448,1,True,False
camelsdk_360008,386.25536820254456,11.088232604451898,1,True,False
camelsdk_360009,425.34742730910494,11.635819316890812,2,True,False
camelsdk_360011,90.53902113057676,5.368376431591371,0,False,True
camelsdk_360015,22.468553463461983,2.674315369523385,1,True,False
camelsdk_360016,16.619144922634216,2.300008288853677,0,False,True
camelsdk_370011,29.357260742366183,3.0569112394000655,0,False,True
camelsdk_370034,104.129745786098,5.757215258223363,1,True,False
camelsdk_370037,22.843892199005168,2.6965601654441382,0,False,True
camelsdk_370038,64.89579763465213,4.54499438491319,0,False,True
camelsdk_370039,30.03282482929848,3.091883738627913,0,False,True
camelsdk_380020,10.919284192155551,1.8643272535725852,0,False,True
camelsdk_380023,117.88312636485688,6.1256317662904785,0,False,True
camelsdk_380024,672.9700990533112,14.636018435174021,2,True,False
camelsdk_380097,109.76127439756524,5.910845858324916,0,False,True
camelsdk_390001,93.7072684536943,5.461497043493602,1,True,False
camelsdk_390002,43.31592780386713,3.7132045525656463,0,False,True
camelsdk_40002,248.5729859485809,8.895124443517235,0,False,True
camelsdk_400024,288.95483472142035,9.590473426918578,0,False,True
camelsdk_410012,12.36656977179934,1.9840366469763995,0,False,True
camelsdk_410014,19.710458906082312,2.504802174029986,0,False,True
camelsdk_410016,13.494135773700934,2.072514613283912,0,False,True
camelsdk_410017,16.94586930931363,2.3225067774137953,0,False,True
camelsdk_410020,30.75165456675139,3.128666755201947,0,False,True
camelsdk_410023,13.868680529950987,2.1010802271707885,0,False,True
camelsdk_420014,32.34956861378725,3.208923106518657,0,False,True
camelsdk_420016,511.1460847601705,12.755502814993225,1,True,False
camelsdk_420020,34.805170461339664,3.3284876217520263,1,True,False
camelsdk_420021,246.93793514795345,8.865821227128672,0,False,True
camelsdk_420022,43.86476382097227,3.736654650798297,1,True,False
camelsdk_420074,92.83501882697992,5.436019157130155,0,False,True
camelsdk_430001,136.25066714360676,6.585585346113663,0,False,True
camelsdk_430003,27.906698985163143,2.98043254876412,0,False,True
camelsdk_430007,29.00366698446442,3.0384459739704828,0,False,True
camelsdk_440020,168.07993644422214,7.314472328154583,1,True,False
camelsdk_440021,127.11404282589008,6.360947767767832,0,False,True
camelsdk_450001,532.9287413042531,13.02445726272798,3,True,False
camelsdk_450002,532.9287413042531,13.02445726272798,3,True,False
camelsdk_450003,483.9411670959475,12.411416430768966,3,True,False
camelsdk_450004,300.4249415157643,9.77896870537251,2,True,False
camelsdk_450005,77.68906759260958,4.972846092845462,0,False,True
camelsdk_450043,64.48039073546936,4.53042446533364,0,False,True
camelsdk_450045,29.397481818710503,3.059004591661117,0,False,True
camelsdk_450058,28.1625851524705,2.994065676387911,0,False,True
camelsdk_450080,31.72328879246137,3.1777093078039567,0,False,True
camelsdk_460001,102.10928036265764,5.701087037622415,1,True,False
camelsdk_460017,78.1756305535749,4.98839413677934,0,False,True
camelsdk_460020,61.69780744500896,4.431593625955593,0,False,True
camelsdk_460030,70.77726690473844,4.74648330586415,0,False,True
camelsdk_470001,57.54474734903142,4.2798436862980385,0,False,True
camelsdk_470035,32.58330895999198,3.220495205173629,0,False,True
camelsdk_470036,39.81830545554496,3.5601348678927778,0,False,True
camelsdk_470037,53.11602648651608,4.111855584217197,0,False,True
camelsdk_480004,127.54437633358552,6.37170588729001,1,True,False
camelsdk_480007,36.13505194350075,3.3914811323934986,0,False,True
camelsdk_480010,57.45840427013067,4.276631632900773,0,False,True
camelsdk_490054,255.3602604990385,9.01574708248363,2,True,False
camelsdk_490057,19.288578234242983,2.477850912058477,0,False,True
camelsdk_490059,20.26202120212182,2.5396065960500556,0,False,True
camelsdk_490061,11.790692517413166,1.9372903740136267,0,False,True
camelsdk_490066,31.720127391967168,3.17755096573956,0,False,True
camelsdk_490082,39.399952636307255,3.541383125180006,1,True,False
camelsdk_490092,92.7851634818048,5.434559303884511,2,True,False
camelsdk_490094,98.39237289534206,5.59636176615392,2,True,False
camelsdk_50003,237.6136073940127,8.696824726606149,0,False,True
camelsdk_500046,34.283536935519365,3.303451034891081,0,False,True
camelsdk_500051,119.53365553261786,6.168366419703035,0,False,True
camelsdk_500056,62.11131640118864,4.446419464511616,0,False,True
camelsdk_500057,74.4365049403742,4.867635505611496,1,True,False
camelsdk_510001,36.56740636043314,3.4117102685641254,0,False,True
camelsdk_510002,35.35793887737925,3.3548146744271903,0,False,True
camelsdk_510018,23.375663931103404,2.7277655554281175,0,False,True
camelsdk_510020,62.01650875273744,4.443024627728268,0,False,True
camelsdk_510022,25.20294319610807,2.832374618628281,0,False,True
camelsdk_510024,106.44189809950193,5.8207824619409285,1,True,False
camelsdk_510026,33.7656339471116,3.278404352520999,0,False,True
camelsdk_510047,13.40978297932531,2.066026740847846,0,False,True
camelsdk_520020,28.97264735975751,3.0368207196881936,0,False,True
camelsdk_520022,38.14497291694461,3.484526077915965,0,False,True
camelsdk_520025,25.245185140791584,2.834747256609325,0,False,True
camelsdk_520029,102.19295806015526,5.7034225557039795,0,False,True
camelsdk_520035,28.548364704690748,3.01450273177575,0,False,True
camelsdk_520039,109.96335425572326,5.916284541629748,2,True,False
camelsdk_520064,54.35266539909805,4.159445965146387,1,True,False
camelsdk_520068,174.3286427661167,7.449196630339228,1,True,False
camelsdk_520069,64.05110880149125,4.515318499568804,1,True,False
camelsdk_520070,27.317988689867764,2.948827880809914,1,True,False
camelsdk_520076,28.81537560368097,3.0285671411990966,1,True,False
camelsdk_520088,20.651515885440546,2.563899699874651,0,False,True
camelsdk_520198,31.89313848211506,3.1862048396620577,0,False,True
camelsdk_530011,51.59288271942006,4.052471422022895,0,False,True
camelsdk_530028,53.23170465706107,4.116330629426925,0,False,True
camelsdk_530042,44.54665754567247,3.765586474007907,0,False,True
camelsdk_530054,24.36933275385125,2.7851390513317846,0,False,True
camelsdk_540002,13.913485792853182,2.1044714488780514,0,False,True
camelsdk_550015,417.2367396917344,11.524347231968145,0,False,True
camelsdk_550017,111.08326175307722,5.946335039799409,0,False,True
camelsdk_550018,291.39230224645144,9.63083851816137,1,True,False
camelsdk_560001,56.04626815161957,4.2237520330114355,0,False,True
camelsdk_560002,68.35682626995967,4.664617196499195,2,True,False
camelsdk_560003,57.8455944714427,4.291016731782648,0,False,True
camelsdk_560005,258.2072703589104,9.065866028117338,0,False,True
camelsdk_560006,15.760723095296148,2.2398200763985394,0,False,True
camelsdk_560007,146.102069078008,6.8195111979845775,1,True,False
camelsdk_560009,24.075209018471675,2.7682805209228145,0,False,True
camelsdk_570044,14.984395015487156,2.183959951993781,0,False,True
camelsdk_570049,62.20662469661645,4.449829617755916,0,False,True
camelsdk_570050,608.5291170189694,13.917644699367447,2,True,False
camelsdk_570052,21.32308007317785,2.605253767136917,0,False,True
camelsdk_570053,67.58974693097899,4.638370905047497,0,False,True
camelsdk_570054,34.262790515962784,3.3024513545963363,0,False,True
camelsdk_570055,145.6752807818566,6.80954345352642,0,False,True
camelsdk_570056,119.14881529722766,6.158428844778028,1,True,False
camelsdk_570057,263.9858981674068,9.166750852935461,1,True,False
camelsdk_570058,752.6311628015152,15.478047026990334,7,True,False
camelsdk_570059,43.04325767415714,3.701498946540514,0,False,True
camelsdk_570060,25.25165276395204,2.835110353627558,0,False,True
camelsdk_570063,12.906439547999756,2.0268811764782306,0,False,True
camelsdk_570068,72.13554883896953,4.791811592783847,0,False,True
camelsdk_580047,133.51682247589918,6.519181280339184,1,True,False
camelsdk_590005,43.78762174351681,3.73336750045287,0,False,True
camelsdk_590006,129.6441532895754,6.423940821489459,3,True,False
camelsdk_590008,32.24598696454465,3.2037815844043123,0,False,True
camelsdk_590009,55.40604891143785,4.199558681920437,0,False,True
camelsdk_590010,36.790469124056656,3.4221002380887002,0,False,True
camelsdk_60001,283.494317083445,9.499423340634044,0,False,True
camelsdk_600028,11.627379352337291,1.9238268628590882,0,False,True
camelsdk_600029,48.58168402382863,3.9324331287692322,1,True,False
camelsdk_600031,42.67752851848573,3.685739986125537,0,False,True
camelsdk_600032,43.7658499733575,3.7324392458225333,0,False,True
camelsdk_600034,25.674660928285483,2.8587581915737417,0,False,True
camelsdk_600035,18.39608542824184,2.419846246952676,0,False,True
camelsdk_600036,53.76713055249749,4.136980687239728,0,False,True
camelsdk_610010,29.57609146069624,3.0682832833060907,0,False,True
camelsdk_610011,30.04913791953401,3.0927233421513636,0,False,True
camelsdk_610012,35.89719524053934,3.380300597777273,0,False,True
camelsdk_610013,54.592460237289146,4.168611256116913,0,False,True
camelsdk_610015,47.24056274955971,3.8777748970344543,1,True,False
camelsdk_620012,30.24881498303584,3.1029819294421745,1,True,False
camelsdk_620015,24.4643136432139,2.7905613935794307,0,False,True
camelsdk_620017,84.81780383374168,5.1959932144564425,0,False,True
camelsdk_620022,16.84343356046486,2.315476499465242,0,False,True
camelsdk_630007,40.83057439793285,3.6051040885700933,0,False,True
camelsdk_640025,39.655944144392805,3.552869131717693,0,False,True
camelsdk_650001,202.24192649108468,8.023440945315652,0,False,True
camelsdk_660014,42.29090481185413,3.6690070996484616,0,False,True
camelsdk_670017,48.90187705138684,3.9453708214058496,0,False,True
camelsdk_670018,24.154468777570028,2.7728336061542245,0,False,True
camelsdk_70003,103.72308856153008,5.74596245329291,0,False,True
camelsdk_80001,153.13153063130017,6.981638782291649,0,False,True
camelsdk_90001,95.3304110790316,5.5085944033319905,1,True,False
camelsdk_90015,36.156276852055605,3.3924770256565404,0,False,True
camelsdk_90021,121.19232366272992,6.2110155974230725,0,False,True
camelsdk_90022,28.351913709158342,3.0041129182929938,0,False,True
camelsgb_10002,324.3123507633707,10.160306464840819,0,False,True
camelsgb_10003,529.9924661936965,12.988527306526406,0,False,True
camelsgb_1001,157.4450958169057,7.079288843498001,0,False,True
camelsgb_101002,30.52430085861766,3.1170798405152174,0,False,True
camelsgb_101005,24.241153136003543,2.7778046539821926,0,False,True
camelsgb_102001,20.92600961591104,2.5808827441636226,0,False,True
camelsgb_106001,44.65658671512556,3.770229838437996,0,False,True
camelsgb_107001,19.510166455511264,2.4920431103575638,0,False,True
camelsgb_11001,1263.679902886383,20.055966844321123,1,True,False
camelsgb_11003,507.72176029132993,12.712704501063772,0,False,True
camelsgb_11004,194.59980690648,7.870390230972623,0,False,True
camelsgb_12001,1374.035090863065,20.913367815470483,1,True,False
camelsgb_12002,1825.2718290400087,24.103984487138316,1,True,False
camelsgb_12005,108.90835359962912,5.887835395012498,0,False,True
camelsgb_12006,145.2722611853086,6.8001174198360355,1,True,False
camelsgb_12007,290.6889906324556,9.619208882392456,0,False,True
camelsgb_12008,231.85998043836744,8.590886100043038,0,False,True
camelsgb_13001,123.94636553952806,6.281190453073501,0,False,True
camelsgb_13004,107.05965925571375,5.837649180326072,0,False,True
camelsgb_13005,128.381090709324,6.392571499157114,0,False,True
camelsgb_13007,743.8813403913169,15.387812865843078,1,True,False
camelsgb_13008,487.6034342993549,12.458290158551177,1,True,False
camelsgb_14001,307.4457537352678,9.892574128060039,1,True,False
camelsgb_14002,127.08220722545664,6.36015117099586,0,False,True
camelsgb_14005,58.06137867761511,4.299012774875837,0,False,True
camelsgb_15006,4566.175467626968,38.12425466019706,11,True,False
camelsgb_15007,1143.7911880428212,19.080881606569786,4,True,False
camelsgb_15010,362.2080906890287,10.737523742561544,1,True,False
camelsgb_15011,386.5375935589726,11.092282786311973,0,False,True
camelsgb_15012,1658.6656655553534,22.977590805388758,4,True,False
camelsgb_15013,172.53271645228523,7.4107266402767245,0,False,True
camelsgb_15014,105.0707249331515,5.783169588964155,0,False,True
camelsgb_15021,94.0423249764852,5.471252302693055,0,False,True
camelsgb_15023,209.78439150982663,8.171685614647,0,False,True
camelsgb_15024,231.47680477787264,8.58378444411509,0,False,True
camelsgb_15025,435.4898490807287,11.77373026254139,1,True,False
camelsgb_15030,243.292448119322,8.800135877941726,0,False,True
camelsgb_15039,165.69154602647973,7.262317616112991,0,False,True
camelsgb_16001,582.0491158949636,13.611465308110729,0,False,True
camelsgb_16004,780.4229509614839,15.761229035064748,2,True,False
camelsgb_17001,120.60988429509442,6.196072832255256,1,True,False
camelsgb_17003,51.26864095662855,4.039717226205575,0,False,True
camelsgb_17004,158.52242971577513,7.103467924922751,0,False,True
camelsgb_17005,193.9760508019449,7.857766518111128,0,False,True
camelsgb_17018,10.300442288710098,1.8107270949985852,0,False,True
camelsgb_18001,159.58134283700818,7.127153644724137,0,False,True
camelsgb_18002,177.91586635573444,7.525448768677144,1,True,False
camelsgb_18003,513.2528565129388,12.781762724293507,1,True,False
camelsgb_18008,191.52227486873463,7.807908395667023,0,False,True
camelsgb_18010,389.5239701626653,11.13504964552634,1,True,False
camelsgb_18011,1022.972347373731,18.04500516657442,3,True,False
camelsgb_18014,25.25832419304816,2.8354848437405633,0,False,True
camelsgb_19001,377.9270348249536,10.96804045583843,1,True,False
camelsgb_19006,101.84778729061918,5.6937823615368295,0,False,True
camelsgb_19020,31.889309377894094,3.186013565344184,0,False,True
camelsgb_20007,67.500423114501,4.635304952096952,0,False,True
camelsgb_2001,550.5759725178066,13.238344879465593,0,False,True
camelsgb_2002,421.4330446744797,11.582154570045333,0,False,True
camelsgb_21003,695.2682080169319,14.876516533149745,1,True,False
camelsgb_21006,1499.4462147219538,21.846934657907063,4,True,False
camelsgb_21008,1117.145797927977,18.857320906988733,2,True,False
camelsgb_21009,4381.284484573129,37.3444261654036,4,True,False
camelsgb_21011,231.5189278794664,8.584565427714217,0,False,True
camelsgb_21012,323.1408239352488,10.141938615874452,0,False,True
camelsgb_21013,204.6156905526208,8.070390149876427,0,False,True
camelsgb_21015,238.1606233577271,8.706829555840562,1,True,False
camelsgb_21016,118.44936905031948,6.14032614613825,0,False,True
camelsgb_21018,173.27794888948827,7.426714225629913,0,False,True
camelsgb_21022,500.2390476164661,12.61867799381081,2,True,False
camelsgb_21023,112.50205877972904,5.984188961389646,0,False,True
camelsgb_21024,139.402887561404,6.6613299928289305,0,False,True
camelsgb_21027,154.72382157223768,7.017843118407543,0,False,True
camelsgb_22001,576.0215876991286,13.540803743497506,0,False,True
camelsgb_22007,280.931981038468,9.456396084647766,0,False,True
camelsgb_22009,344.6495472056027,10.474032563645693,0,False,True
camelsgb_23001,2164.1000159135942,26.24603645802154,2,True,False
camelsgb_23004,747.0603252324032,15.420657803646119,0,False,True
camelsgb_23006,321.8349559510488,10.12142520590572,0,False,True
camelsgb_23008,343.86842717375134,10.462156561430149,0,False,True
camelsgb_24001,658.7222313782974,14.480255470700731,0,False,True
camelsgb_24003,172.85265477424667,7.417594547274509,0,False,True
camelsgb_24004,73.84858189405884,4.8483743355409565,0,False,True
camelsgb_25001,844.5621667281509,16.396111952727495,1,True,False
camelsgb_25006,86.49602462701448,5.247145867457406,0,False,True
camelsgb_26003,59.36425648037189,4.3469793792532,0,False,True
camelsgb_26008,40.81196264510807,3.6042823397316512,0,False,True
camelsgb_26009,194.86883135538395,7.875828561459459,1,True,False
camelsgb_27001,492.1550861293822,12.516302547103013,0,False,True
camelsgb_27002,756.3297925040414,15.516032036876291,2,True,False
camelsgb_27003,1929.1644424086303,24.78047848797329,2,True,False
camelsgb_27006,363.6188551092718,10.758414213261757,1,True,False
camelsgb_27007,909.2894047397216,17.01281302227317,2,True,False
camelsgb_27009,3288.8269629837423,32.35531078919714,2,True,False
camelsgb_27021,1248.524915264151,19.93534107246121,3,True,False
camelsgb_27023,119.14035652112588,6.158210237084783,0,False,True
camelsgb_27025,353.71709150843736,10.610921125864246,0,False,True
camelsgb_27026,166.46125121416569,7.279166293470184,0,False,True
camelsgb_27029,339.5538564981271,10.396314222607263,1,True,False
camelsgb_27030,309.89403878454914,9.93188482688684,0,False,True
camelsgb_27034,509.0796447424594,12.729692996158896,0,False,True
camelsgb_27035,282.3778702350994,9.480699749246133,1,True,False
camelsgb_27041,1588.255463537886,22.48460397315301,1,True,False
camelsgb_27042,60.112053375550815,4.374272610188525,0,False,True
camelsgb_27043,428.4638487091272,11.678367990283197,1,True,False
camelsgb_27049,236.73271407492703,8.680689101285099,1,True,False
camelsgb_27051,8.141572004002088,1.6098269652204988,0,False,True
camelsgb_27062,521.615268356516,12.885468431620561,1,True,False
camelsgb_27065,100.36543354202684,5.652195124688228,0,False,True
camelsgb_27071,1349.4685142282376,20.725568006030606,1,True,False
camelsgb_27079,946.8724098763072,17.360842405203122,1,True,False
camelsgb_27080,858.5220248375102,16.53106312407963,0,False,True
camelsgb_27084,40.86819148827991,3.606764392245734,0,False,True
camelsgb_27087,474.1081636283665,12.28467808301672,0,False,True
camelsgb_27089,812.4251107863286,16.081136295276206,1,True,False
camelsgb_27090,495.739207803376,12.561794888181193,0,False,True
camelsgb_28001,126.26907364212896,6.339770852291016,0,False,True
camelsgb_28003,404.2940149923305,11.344195956390937,1,True,False
camelsgb_28008,396.6440552816592,11.236357242993927,0,False,True
camelsgb_28009,7441.592112987804,48.66962439254429,14,True,False
camelsgb_28012,1202.6163664990102,19.565394929391633,1,True,False
camelsgb_28018,881.1180232633465,16.74719611455728,1,True,False
camelsgb_28022,8182.03790576127,51.033553222701734,16,True,False
camelsgb_28023,151.75509306338958,6.950190385940381,0,False,True
camelsgb_28024,415.5921808619998,11.501612921197466,1,True,False
camelsgb_28026,370.3626908784647,10.857721030688095,0,False,True
camelsgb_28031,147.64535191048472,6.855433987880863,1,True,False
camelsgb_28039,73.45269519773572,4.8353613151742785,0,False,True
camelsgb_28040,58.31737807498966,4.308479775696649,0,False,True
camelsgb_28043,343.15846755399366,10.451350761988412,1,True,False
camelsgb_28044,33.83828367397349,3.2819293449002407,0,False,True
camelsgb_28046,85.39864523099529,5.213754217809661,0,False,True
camelsgb_28048,128.20206030600374,6.388112649643205,0,False,True
camelsgb_28050,129.73701605635534,6.426241110845678,0,False,True
camelsgb_28052,141.2924657663208,6.7063245296290805,0,False,True
camelsgb_28055,50.89067398423661,4.024798708474593,0,False,True
camelsgb_28056,91.58968376902055,5.39943532382103,0,False,True
camelsgb_28066,118.98847964643086,6.154283826200877,0,False,True
camelsgb_28067,1172.629210597974,19.31992418621847,1,True,False
camelsgb_28072,59.707235700885,4.359518712002217,0,False,True
camelsgb_28074,1296.0964771014917,20.311580984979674,1,True,False
camelsgb_28080,792.5456011220696,15.883170341233198,2,True,False
camelsgb_28081,173.90089540380572,7.440052030950099,0,False,True
camelsgb_28082,179.9605357394591,7.568567740913813,0,False,True
camelsgb_28085,1047.4405503853563,18.25953675144717,2,True,False
camelsgb_28091,227.43865174609164,8.508582217449229,0,False,True
camelsgb_28093,1106.377974488241,18.766220907140706,1,True,False
camelsgb_28115,30.45604314060285,3.113592719944905,0,False,True
camelsgb_28116,155.4600940220273,7.034520938505543,0,False,True
camelsgb_28117,744.9904252419744,15.39927977104081,2,True,False
camelsgb_29002,80.11324527700471,5.049835441471086,0,False,True
camelsgb_29003,56.20583380653825,4.229760343308382,0,False,True
camelsgb_29005,63.03325542860016,4.47929775313849,0,False,True
camelsgb_30001,294.6396636585402,9.68435427916494,0,False,True
camelsgb_30004,59.86425482628384,4.365247317189698,0,False,True
camelsgb_30005,123.03232980373711,6.257987447794551,1,True,False
camelsgb_30011,64.30413109748879,4.524228182882602,0,False,True
camelsgb_30012,38.07189972225034,3.4811868762521496,0,False,True
camelsgb_30014,10.887349617461371,1.861599048554029,0,False,True
camelsgb_30015,41.130593238850885,3.618324813021962,0,False,True
camelsgb_3003,329.97313696497,10.248595595057305,0,False,True
camelsgb_31006,148.65356532827212,6.878800728357887,0,False,True
camelsgb_31010,68.57701586860456,4.672123940560602,0,False,True
camelsgb_31021,246.26362254458053,8.853708017738862,0,False,True
camelsgb_31025,23.60137599703817,2.7409033743271705,0,False,True
camelsgb_32003,70.21651608835886,4.727643307643652,0,False,True
camelsgb_32004,193.70420750286183,7.852258544110562,0,False,True
camelsgb_32006,219.9712725286828,8.367737491240307,0,False,True
camelsgb_32008,103.9174154289247,5.751342510900799,0,False,True
camelsgb_33006,258.3004664720907,9.067501975955187,1,True,False
camelsgb_33007,146.7856559367801,6.83544624985447,0,False,True
camelsgb_33012,137.67993042428608,6.620036478989125,0,False,True
camelsgb_33014,272.94877299302743,9.321067152714644,0,False,True
camelsgb_33018,132.11462119379806,6.484858520847813,0,False,True
camelsgb_33019,310.07304007026056,9.93475284511027,0,False,True
camelsgb_33021,306.94743840692706,9.884553818140455,1,True,False
camelsgb_33022,537.7728763878318,13.083517228778371,1,True,False
camelsgb_33024,198.8542114078432,7.955957604235836,0,False,True
camelsgb_33026,2557.706022863656,28.533193179686815,2,True,False
camelsgb_33028,119.0165089317956,6.155008644353959,1,True,False
camelsgb_33029,95.02966913614708,5.499898468772879,0,False,True
camelsgb_33031,69.83455471682751,4.714767137792604,0,False,True
camelsgb_33033,112.56924876823165,5.985975673456303,0,False,True
camelsgb_33034,704.8271300902961,14.978432613537706,2,True,False
camelsgb_33035,3566.865911403443,33.69523233770132,4,True,False
camelsgb_33039,1656.8267404931632,22.96484990572853,2,True,False
camelsgb_33054,48.34402466750922,3.9228026957242226,0,False,True
camelsgb_33058,220.3798319263315,8.3755047142052,0,False,True
camelsgb_34002,152.52237879412667,6.967738588268038,0,False,True
camelsgb_34003,160.56094186948994,7.14899539320313,0,False,True
camelsgb_34004,557.32550343086,13.319242379519974,1,True,False
camelsgb_34005,71.80271852877681,4.780744205935066,0,False,True
camelsgb_34006,374.4643392065931,10.917678379249823,1,True,False
camelsgb_34007,138.77396139758673,6.64628647123637,0,False,True
camelsgb_34008,44.22323198975005,3.751891781666511,0,False,True
camelsgb_34010,149.4777248981989,6.897842967142529,1,True,False
camelsgb_34011,162.25908670206027,7.18670101092418,0,False,True
camelsgb_35008,125.3336258379208,6.31624351774616,0,False,True
camelsgb_36003,56.49141707488064,4.240492487844579,0,False,True
camelsgb_36006,569.1150825342203,13.459381752032531,2,True,False
camelsgb_36009,25.45697514325441,2.8466132263503767,0,False,True
camelsgb_36010,27.477495366141792,2.957424288568049,0,False,True
camelsgb_36011,34.109472206376594,3.2950542052902416,1,True,False
camelsgb_37001,299.96005043129674,9.771399567742083,1,True,False
camelsgb_37003,77.46909299196192,4.965800859180007,0,False,True
camelsgb_37005,234.96646438837425,8.648245402188303,0,False,True
camelsgb_37008,188.91181711825453,7.754514749852803,0,False,True
camelsgb_37009,60.036996401050736,4.371540860066975,0,False,True
camelsgb_37010,248.1561563231858,8.887663240415911,2,True,False
camelsgb_37011,72.51301668007002,4.804332428785128,0,False,True
camelsgb_37018,44.57989752385321,3.7669911211605966,0,False,True
camelsgb_37019,51.35548820083954,4.043137346680451,1,True,False
camelsgb_37020,132.9486400571253,6.50529526500322,1,True,False
camelsgb_37031,69.88758643765476,4.716556973537977,0,False,True
camelsgb_37033,9.813626642232864,1.7674202611544767,0,False,True
camelsgb_38001,1041.4264206549733,18.20704054555482,6,True,False
camelsgb_38003,129.76007560997138,6.426812187905452,0,False,True
camelsgb_38004,136.30126771334096,6.586808105033875,0,False,True
camelsgb_38007,20.68310900517149,2.565860104012507,0,False,True
camelsgb_38014,22.792621231074705,2.693532377732564,0,False,True
camelsgb_38018,157.19387095617384,7.073638609149408,1,True,False
camelsgb_38021,41.345907753212565,3.627783233751791,0,False,True
camelsgb_38026,52.490854697680746,4.087585838182319,0,False,True
camelsgb_39001,9899.68263379628,56.13525498667787,26,True,False
camelsgb_39002,3469.260196435965,33.231006880163704,6,True,False
camelsgb_39005,39.35707313688457,3.5394555330910507,0,False,True
camelsgb_39006,360.4771494771046,10.711836463553505,1,True,False
camelsgb_39007,358.68780660295914,10.685217587644225,1,True,False
camelsgb_39008,1621.811511987597,22.72088549754022,3,True,False
camelsgb_39010,723.4860640956841,15.17540005132833,1,True,False
camelsgb_39011,390.12843444836426,11.143685995500737,0,False,True
camelsgb_39012,72.66856421648944,4.809482550637879,1,True,False
camelsgb_39015,46.84346318661712,3.8614424034791304,0,False,True
camelsgb_39016,1034.2663880142863,18.144343919043965,3,True,False
camelsgb_39019,234.71247864986628,8.643570001160073,0,False,True
camelsgb_39020,106.96784822980018,5.835145550485668,0,False,True
camelsgb_39021,553.6938633209887,13.275776083316835,1,True,False
camelsgb_39022,176.2299260422174,7.489708118523449,0,False,True
camelsgb_39023,133.74825984672938,6.52482899155928,0,False,True
camelsgb_39025,141.57993586552598,6.713143322711348,0,False,True
camelsgb_39028,99.79519461616935,5.636115421100078,0,False,True
camelsgb_39029,58.58745848028153,4.318445002620269,0,False,True
camelsgb_39034,425.8140927538964,11.642200625309068,0,False,True
camelsgb_39035,126.36111623590948,6.34208108802695,2,True,False
camelsgb_39036,16.013951883175952,2.2577420581825636,0,False,True
camelsgb_39037,136.02478408547643,6.580124128040648,0,False,True
camelsgb_39042,77.37658713655534,4.962835141804239,0,False,True
camelsgb_39049,30.966843685993343,3.1395943192010938,0,False,True
camelsgb_39052,49.83444788832729,3.9828127542436023,0,False,True
camelsgb_39054,32.22801325348868,3.202888576058755,0,False,True
camelsgb_39069,145.65697350732756,6.809115556296049,1,True,False
camelsgb_39072,7102.883160303929,47.54911072073911,18,True,False
camelsgb_39081,232.8840950074712,8.609837964552135,0,False,True
camelsgb_39087,81.30972941657072,5.0874051063605545,0,False,True
camelsgb_39088,96.59506333954782,5.545012499312109,0,False,True
camelsgb_39095,33.31050636187917,3.256234556780914,0,False,True
camelsgb_39099,39.09348782982366,3.527583260766296,0,False,True
camelsgb_39105,529.8166529487364,12.986372799915657,0,False,True
camelsgb_39108,58.12337385812163,4.301307303297058,0,False,True
camelsgb_39141,688.6454680510077,14.80549426923328,3,True,False
camelsgb_39142,65.07487525762579,4.551260939199075,0,False,True
camelsgb_39143,88.98115992624763,5.321990500613991,1,True,False
camelsgb_39144,88.92353941939069,5.320267071458544,0,False,True
camelsgb_40003,1256.8230947248228,20.001480351089466,2,True,False
camelsgb_40004,203.913196209664,8.056524453936147,1,True,False
camelsgb_40005,277.00382851652626,9.390050965120995,1,True,False
camelsgb_40007,251.2076346408939,8.942140324946942,1,True,False
camelsgb_40009,134.0159218838882,6.531354594697508,0,False,True
camelsgb_4001,957.579648288076,17.458724720279307,0,False,True
camelsgb_40010,223.64950906436303,8.43740776396033,1,True,False
camelsgb_40011,339.9130205361987,10.401811134570071,0,False,True
camelsgb_40012,186.6507665675637,7.707968880466402,0,False,True
camelsgb_40013,97.84461976512048,5.580762473097361,0,False,True
camelsgb_40017,26.19422787947005,2.887539037828993,0,False,True
camelsgb_40018,121.81672064583752,6.226994980250038,1,True,False
camelsgb_40020,52.56020151171646,4.090285046422996,0,False,True
camelsgb_40021,31.966984833354694,3.189891425102757,0,False,True
camelsgb_40022,66.69705091132312,4.607638297911171,0,False,True
camelsgb_4003,201.3747530867236,8.00622100215351,0,False,True
camelsgb_40033,44.7456692907928,3.7739884603917107,0,False,True
camelsgb_4005,123.03206863621784,6.257980805703292,0,False,True
camelsgb_4006,116.9358886805348,6.1009711863523375,0,False,True
camelsgb_41003,129.87548459618077,6.42966956537231,0,False,True
camelsgb_41005,182.05085359606247,7.612396895053791,1,True,False
camelsgb_41006,88.84995373700367,5.318065311883703,1,True,False
camelsgb_41009,359.6618057865774,10.69971534502587,0,False,True
camelsgb_41011,156.4631045634053,7.05717741066073,0,False,True
camelsgb_41012,93.31175451621486,5.449959078714827,1,True,False
camelsgb_41013,14.13339231905899,2.121037128498822,0,False,True
camelsgb_41014,395.570565829868,11.221141732772248,2,True,False
camelsgb_41016,19.028024729073834,2.4610583873231953,0,False,True
camelsgb_41019,151.13129106468753,6.935891006756813,1,True,False
camelsgb_41020,35.36343921513998,3.3550756044593997,0,False,True
camelsgb_41022,52.28007369654246,4.07937057743307,0,False,True
camelsgb_41025,92.72258804687878,5.432726428587077,0,False,True
camelsgb_41027,36.11133611794293,3.3903680168452253,0,False,True
camelsgb_41028,24.928850744107883,2.816930890712388,0,False,True
camelsgb_41029,40.21217124821249,3.5776992122342564,0,False,True
camelsgb_42001,111.34760319078536,5.953405991404986,0,False,True
camelsgb_42003,99.59094264395908,5.630344715728784,0,False,True
camelsgb_42004,1031.649602017947,18.121375979761737,3,True,False
camelsgb_42006,75.61715537108779,4.906086843882094,0,False,True
camelsgb_42008,74.11020635502504,4.85695494625236,0,False,True
camelsgb_42010,338.8983879799596,10.386274948496744,1,True,False
camelsgb_42011,55.09113380143403,4.187607017148392,0,False,True
camelsgb_42016,233.46597044553744,8.620587362837133,1,True,False
camelsgb_42017,17.27889166040624,2.345216842384934,0,False,True
camelsgb_42024,477.0043234355736,12.322142342220914,2,True,False
camelsgb_42026,60.94800901875799,4.404583273578728,0,False,True
camelsgb_42027,121.99428875935052,6.231531767556141,0,False,True
camelsgb_43005,325.50328474891785,10.17894461724191,0,False,True
camelsgb_43006,215.00566665283108,8.272752219251625,0,False,True
camelsgb_43007,1059.040469177306,18.360366314642434,1,True,False
camelsgb_43008,446.86022479161386,11.9264423569429,2,True,False
camelsgb_43009,517.2477466244383,12.831409562353123,0,False,True
camelsgb_43014,85.56830770790215,5.218930760935798,1,True,False
camelsgb_43017,84.38121191153877,5.18260301003388,0,False,True
camelsgb_43018,170.39069183863575,7.364580213829807,0,False,True
camelsgb_43021,1707.3199276383095,23.31216017116106,2,True,False
camelsgb_44001,413.4086380275799,11.471358093876892,1,True,False
camelsgb_44002,183.27287359392147,7.637903346747549,0,False,True
camelsgb_44006,12.01901308496087,1.955957741648675,0,False,True
camelsgb_44011,48.371502820959286,3.9239173739362125,0,False,True
camelsgb_45001,606.2238967196934,13.891258386724353,2,True,False
camelsgb_45003,228.2113054079744,8.523022624061644,0,False,True
camelsgb_45004,287.7170240978808,9.569909779811688,0,False,True
camelsgb_45005,202.21627475876625,8.02293209512414,0,False,True
camelsgb_45012,262.7900881509996,9.145965397352704,0,False,True
camelsgb_47001,917.0288123778791,17.08506180542697,3,True,False
camelsgb_47005,121.22617675375876,6.211883009602245,0,False,True
camelsgb_47008,112.33433888126156,5.9797266345398885,1,True,False
camelsgb_47009,37.27092895509852,3.444372969592805,0,False,True
camelsgb_47018,57.57473183783168,4.280958577043519,0,False,True
camelsgb_48003,88.68692404500827,5.313184045255451,0,False,True
camelsgb_48004,25.168928200003275,2.830462624856764,0,False,True
camelsgb_48005,18.9370549483097,2.4551683863337463,0,False,True
camelsgb_48011,166.59666786163584,7.282126501622729,0,False,True
camelsgb_49001,209.1733072572664,8.15977521906992,0,False,True
camelsgb_49002,48.37824532590261,3.924190841875502,0,False,True
camelsgb_49004,40.66611940810808,3.5978365499743488,0,False,True
camelsgb_50001,830.2422323083314,16.25651593887944,2,True,False
camelsgb_50002,661.9936667612396,14.51616783869491,0,False,True
camelsgb_50006,325.92667936193243,10.185562537825662,0,False,True
camelsgb_50007,71.99028419408904,4.786984350105945,0,False,True
camelsgb_50008,70.99060738858476,4.753631470568431,0,False,True
camelsgb_5003,485.2183640356088,12.427783480189046,1,True,False
camelsgb_51001,74.00241585693568,4.8534215321509775,0,False,True
camelsgb_52004,87.14843313393548,5.266897362960351,0,False,True
camelsgb_52005,203.0247531185569,8.038954288815184,0,False,True
camelsgb_52006,215.7716605579929,8.287475653894994,0,False,True
camelsgb_52007,74.03540662941744,4.8545032555124035,0,False,True
camelsgb_52009,57.989237560252725,4.296341188463603,0,False,True
camelsgb_52010,137.4115869072854,6.613581978685384,0,False,True
camelsgb_52011,84.39334966188555,5.182975740396982,0,False,True
camelsgb_52015,23.259622239219,2.7209865320585043,0,False,True
camelsgb_52016,15.686646445298098,2.2345502108048954,0,False,True
camelsgb_53005,146.82834316398765,6.836440097088796,1,True,False
camelsgb_53006,151.17682814083838,6.936935847990577,0,False,True
camelsgb_53007,262.9836805411496,9.149333605309607,1,True,False
camelsgb_53008,304.25271101663293,9.841069343054858,1,True,False
camelsgb_53009,73.42258316922569,4.834370082225411,0,False,True
camelsgb_53013,99.16468233505604,5.618282544294426,0,False,True
camelsgb_53017,47.43590682924028,3.88578410412112,0,False,True
camelsgb_53018,1564.6806899767248,22.317108512091487,5,True,False
camelsgb_53022,1617.056115534856,22.68755050878571,4,True,False
camelsgb_53023,77.49377193105228,4.966591761291226,0,False,True
camelsgb_53028,99.19455314772618,5.619128662213092,0,False,True
camelsgb_54001,4315.276474522324,37.06204478245622,6,True,False
camelsgb_54002,2200.899196019404,26.46824460720682,5,True,False
camelsgb_54004,262.6756522961448,9.143973807138712,0,False,True
camelsgb_54005,2019.7781052837604,25.355775255538653,5,True,False
camelsgb_54007,319.81107231802275,10.089550338338467,0,False,True
camelsgb_54008,1120.9215835410832,18.889161486892863,1,True,False
camelsgb_54011,185.9292650527968,7.693056817494045,1,True,False
camelsgb_54012,848.806209131028,16.43725669996646,3,True,False
camelsgb_54016,261.0649473176942,9.115895659082137,0,False,True
camelsgb_54017,286.509052709915,9.549799158030432,0,False,True
camelsgb_54018,172.27889070071302,7.405273397438725,0,False,True
camelsgb_54019,344.9304923869152,10.478300710181868,1,True,False
camelsgb_54020,187.4411841069665,7.724272262112688,0,False,True
camelsgb_54025,53.14754121560527,4.113075223635915,0,False,True
camelsgb_54027,196.1009706059836,7.900688427860039,0,False,True
camelsgb_54028,776.4260667431627,15.720817184076163,1,True,False
camelsgb_54029,1478.799193635146,21.69599970074402,3,True,False
camelsgb_54032,6842.050194671856,46.667892803615864,13,True,False
camelsgb_54034,44.01384848613697,3.742999212146974,0,False,True
camelsgb_54036,92.54415342228263,5.42749656313314,0,False,True
camelsgb_54038,240.29591005046493,8.745774052569269,0,False,True
camelsgb_54044,95.40282430889542,5.510686177544198,0,False,True
camelsgb_54048,96.24370634038668,5.534918536989922,0,False,True
camelsgb_54049,365.9299329613496,10.792549064617189,2,True,False
camelsgb_54057,9853.050268952784,56.002886619115706,19,True,False
camelsgb_54060,21.994387113063564,2.6459461178643635,0,False,True
camelsgb_54063,88.57786972190584,5.309916348642649,0,False,True
camelsgb_54080,173.81616026749316,7.438239186235494,1,True,False
camelsgb_54095,3710.019871584952,34.3647494253022,8,True,False
camelsgb_54096,53.86055191629508,4.140573166878233,0,False,True
camelsgb_55002,1887.873407806644,24.513848526258332,3,True,False
camelsgb_55007,1279.005748067948,20.17721918639738,3,True,False
camelsgb_55013,125.48808603134876,6.320134364241029,0,False,True
camelsgb_55014,201.87032984482312,8.016066474075046,1,True,False
camelsgb_55016,357.72424475688285,10.670855806061004,0,False,True
camelsgb_55018,143.37139994830716,6.755481774052565,0,False,True
camelsgb_55021,364.6790871887483,10.774087373724939,0,False,True
camelsgb_55023,4003.063804170072,35.6961452245453,6,True,False
camelsgb_55025,131.1953197425702,6.462257136256925,0,False,True
camelsgb_55026,171.52348577699814,7.389020316356108,0,False,True
camelsgb_55029,353.8670707669586,10.613170450907777,0,False,True
camelsgb_55032,183.1336281588957,7.635001266252857,1,True,False
camelsgb_56001,910.2359234319558,17.021665405829815,1,True,False
camelsgb_56002,211.14316268208609,8.198106859624387,1,True,False
camelsgb_56012,82.53278758344904,5.125524580188708,0,False,True
camelsgb_56013,63.32274500187005,4.489571889878862,0,False,True
camelsgb_57004,102.95488417714256,5.724644745701832,0,False,True
camelsgb_57007,193.20970591995624,7.8422292430778215,1,True,False
camelsgb_57008,185.0096858521424,7.674008864113614,0,False,True
camelsgb_57009,145.9749357072493,6.816543491437628,0,False,True
camelsgb_58009,63.06135451814144,4.480296037011983,0,False,True
camelsgb_60002,297.6548702551856,9.733780759446923,1,True,False
camelsgb_60003,215.5939380384355,8.284061919066614,0,False,True
camelsgb_60005,63.482069480639744,4.495216380898024,0,False,True
camelsgb_60006,130.66100141072585,6.449084313893582,0,False,True
camelsgb_60010,1088.5424754422738,18.614344776656846,1,True,False
camelsgb_60012,19.428045173340283,2.486792883997276,0,False,True
camelsgb_6007,1821.7171256161744,24.080501882517872,3,True,False
camelsgb_6008,106.48906076105813,5.822071865811275,0,False,True
camelsgb_61001,197.0164798837283,7.9191093746784835,0,False,True
camelsgb_61002,181.1509060432402,7.593558078049733,0,False,True
camelsgb_62001,894.281350650681,16.871828440981282,0,False,True
camelsgb_63001,169.49250133794678,7.345143893068932,0,False,True
camelsgb_64006,46.84351911524642,3.8614447086579284,0,False,True
camelsgb_65005,19.342324066148763,2.481300661351987,0,False,True
camelsgb_65007,51.39811656138437,4.04481503071716,0,False,True
camelsgb_66001,403.1146063979071,11.327637197648121,1,True,False
camelsgb_66004,62.681788717912895,4.466792253126988,0,False,True
camelsgb_66006,190.65741541910967,7.790259315462643,0,False,True
camelsgb_67005,111.33289845457284,5.953012870436836,0,False,True
camelsgb_67006,184.8073579817577,7.669811541693861,0,False,True
camelsgb_67008,224.86611615782311,8.460325516242724,1,True,False
camelsgb_67015,1005.1382830246778,17.88701910516551,2,True,False
camelsgb_67025,103.2524155142265,5.732910659563334,0,False,True
camelsgb_67033,1794.412029180433,23.899353312908875,1,True,False
camelsgb_68001,620.5927870753326,14.054921537327434,2,True,False
camelsgb_68003,411.0601620548883,11.43872866180425,0,False,True
camelsgb_68004,89.785813160256,5.345999622891886,0,False,True
camelsgb_68005,200.7062462480363,7.992920767753694,0,False,True
camelsgb_69002,550.2596061447332,13.234540891299082,3,True,False
camelsgb_69007,664.9882094301793,14.548962892841645,3,True,False
camelsgb_69012,68.15091860406027,4.657586407591297,0,False,True
camelsgb_69015,148.8857852508234,6.884171508436864,1,True,False
camelsgb_69017,183.60479183994312,7.6448165702893665,1,True,False
camelsgb_69023,189.7988924678129,7.772699907962422,0,False,True
camelsgb_69027,145.50101408942194,6.805469214861678,0,False,True
camelsgb_69030,147.22056233428947,6.845565019816942,0,False,True
camelsgb_69032,96.27172907085036,5.535724263658651,0,False,True
camelsgb_69043,72.05409464636752,4.789105413953772,0,False,True
camelsgb_70002,189.11654449268545,7.758715470549135,0,False,True
camelsgb_7001,413.6534895499403,11.474754689237123,0,False,True
camelsgb_7002,778.1582200629721,15.738343447174667,2,True,False
camelsgb_7003,215.67843830548,8.285685194919914,0,False,True
camelsgb_7005,163.88126549267298,7.2225360481363,0,False,True
camelsgb_7006,20.52562580699932,2.5560730847291966,0,False,True
camelsgb_71001,1140.6336769596285,19.054526388509842,3,True,False
camelsgb_71004,316.3261156750939,10.03442723215928,1,True,False
camelsgb_71006,444.578133173014,11.89594951948369,1,True,False
camelsgb_71008,257.20425266538047,9.048240513597337,0,False,True
camelsgb_71014,135.7195880717999,6.572738138100862,0,False,True
camelsgb_72002,272.76479495872815,9.317925243221142,1,True,False
camelsgb_72004,981.794878085664,17.67809423833,3,True,False
camelsgb_72007,31.39450649613073,3.1611994226210482,0,False,True
camelsgb_72009,138.86721073907617,6.648519086609875,0,False,True
camelsgb_72014,28.88467416378002,3.03220667922368,0,False,True
camelsgb_73005,211.45167179408267,8.20409395254264,1,True,False
camelsgb_73011,65.19924156521893,4.555607880612017,0,False,True
camelsgb_73015,29.93380690818953,3.08678257575641,0,False,True
camelsgb_74005,129.00815103615463,6.408164313834318,1,True,False
camelsgb_74006,43.7187815017264,3.73043165919288,0,False,True
camelsgb_75003,361.6584817114158,10.729374173313339,1,True,False
camelsgb_75004,115.7138365179997,6.069008002296112,0,False,True
camelsgb_75017,102.1679443783606,5.702724502087386,0,False,True
camelsgb_76003,405.470886156291,11.36069503257832,0,False,True
camelsgb_76005,615.9334798426424,14.00206112918729,1,True,False
camelsgb_76007,2267.4387850330268,26.865371421079878,3,True,False
camelsgb_76008,332.151362515684,10.282366575752802,0,False,True
camelsgb_77002,493.461249685309,12.53290047129721,0,False,True
camelsgb_77004,69.65385629270645,4.708663405765324,0,False,True
camelsgb_78003,921.2716117292082,17.124539756556427,1,True,False
camelsgb_78004,75.8607862797476,4.913983948541074,0,False,True
camelsgb_78006,217.1323155762693,8.313564978870689,0,False,True
camelsgb_79002,794.3331772446463,15.901072392790123,3,True,False
camelsgb_79003,152.35023097975457,6.963805330653629,0,False,True
camelsgb_79004,142.08788421288176,6.725174960690467,0,False,True
camelsgb_79005,236.2211005376348,8.67130391730934,0,False,True
camelsgb_79006,467.0292112908103,12.192621337943836,1,True,False
camelsgb_80001,196.25140964857468,7.903718357118141,0,False,True
camelsgb_80002,806.9148523205471,16.026508503169477,2,True,False
camelsgb_8004,538.354511933012,13.09059064442576,1,True,False
camelsgb_8005,1255.4957294912074,19.99091550576365,3,True,False
camelsgb_8006,2839.468763777601,30.063781848271802,6,True,False
camelsgb_8009,270.95476685125766,9.28695757486699,0,False,True
camelsgb_8011,102.3240618793278,5.707079856693087,0,False,True
camelsgb_8013,228.5911320940603,8.530112381410001,0,False,True
camelsgb_81002,364.58670498687377,10.772722616334974,0,False,True
camelsgb_81003,169.91231467173012,7.354234803457315,0,False,True
camelsgb_81004,327.5938160909929,10.21157922725166,0,False,True
camelsgb_81007,77.06772422404903,4.952920201880989,0,False,True
camelsgb_82001,242.53347413787287,8.786398724653102,0,False,True
camelsgb_82003,323.0570323099551,10.140623609298148,0,False,True
camelsgb_83003,166.52818220293494,7.280629555430614,0,False,True
camelsgb_83004,202.93346747480155,8.037146815555012,1,True,False
camelsgb_83006,576.5003090523638,13.546429336152686,0,False,True
camelsgb_83007,56.67517583119382,4.247383755710524,0,False,True
camelsgb_83009,174.44653017186272,7.4517149143108545,1,True,False
camelsgb_83010,75.14483095652645,4.890740494963122,0,False,True
camelsgb_83013,210.9550760014708,8.194454602468738,0,False,True
camelsgb_84001,333.73819830915335,10.306899044764625,2,True,False
camelsgb_84004,739.188997564873,15.339203554395679,1,True,False
camelsgb_84005,1692.17390862317,23.208526111259662,8,True,False
camelsgb_84008,55.17014927664955,4.190609017433273,0,False,True
camelsgb_84009,66.7909828186586,4.610881709511831,0,False,True
camelsgb_84012,235.20258842221185,8.65258973665152,0,False,True
camelsgb_84013,1893.164962771864,24.548179643856535,9,True,False
camelsgb_84014,261.91532711478965,9.130730417863568,0,False,True
camelsgb_84016,35.18748772861124,3.3467185740644183,0,False,True
camelsgb_84017,102.68074856808254,5.717018225436471,0,False,True
camelsgb_84018,934.4597791324916,17.24667463423003,2,True,False
camelsgb_84019,128.77204982171833,6.402297753338607,1,True,False
camelsgb_84020,51.69148885813491,4.05634218663855,0,False,True
camelsgb_84022,111.21088906414676,5.949750031758202,0,False,True
camelsgb_84026,30.515435348616947,3.116627143671036,0,False,True
camelsgb_84030,105.94459147049228,5.8071689189105395,0,False,True
camelsgb_85001,782.4379059315963,15.78156268507558,1,True,False
camelsgb_85002,218.07425359472225,8.33157793226176,0,False,True
camelsgb_88001,58.53683012977856,4.316578707283084,0,False,True
camelsgb_9002,957.2298228638748,17.455535396186793,0,False,True
camelsgb_9003,179.1796333524738,7.552128752800714,0,False,True
camelsgb_9004,181.63869599084583,7.603774894578238,0,False,True
camelsgb_9005,67.7712232686521,4.644593670621889,0,False,True
camelsgb_92001,253.76165797547227,8.98748265466936,0,False,True
camelsgb_94001,438.8458144370404,11.819008471343409,0,False,True
camelsgb_95001,137.73799965691634,6.621432397448157,0,False,True
camelsgb_96001,192.7956762254119,7.833822167756798,0,False,True
camelsgb_96002,471.6675143704096,12.253017294358012,0,False,True
camelsgb_97002,412.5216676978669,11.459045557691772,0,False,True
GRDC_6140100,85.8256639808906,5.226773128174357,0,False,True
GRDC_6140101,247.247862062453,8.871383140879724,1,True,False
GRDC_6140120,388.373689106414,11.118596349190916,0,False,True
GRDC_6140130,44.3231805512305,3.75612919859871,0,False,True
GRDC_6140140,180.731598460682,7.584764632856727,0,False,True
GRDC_6140280,276.015259481113,9.373280419918233,0,False,True
GRDC_6140400,50934.2355652299,127.32977156041204,18,True,False
GRDC_6140401,48375.4200440721,124.09018675270683,18,True,False
GRDC_6140450,1492.27858340206,21.79465590545577,0,False,True
GRDC_6140480,2131.31461976806,26.04646836022535,0,False,True
GRDC_6140481,2131.31461976806,26.04646836022535,1,True,False
GRDC_6140500,776.3021832158,15.719562957781285,1,True,False
GRDC_6140700,183.277708654301,7.6380040967373475,0,False,True
GRDC_6157100,4660.77619897774,38.5171538593485,0,False,True
GRDC_6172010,94.0937447702478,5.47274786450319,0,False,True
GRDC_6172011,673.051393431963,14.63690241954116,0,False,True
GRDC_6172012,648.143097672583,14.363507776687749,1,True,False
GRDC_6172013,619.979103897061,14.047970600688272,1,True,False
GRDC_6172014,125.354661065369,6.316773535304654,0,False,True
GRDC_6172016,610.380967802306,13.93880541473709,0,False,True
GRDC_6172023,2628.65220240765,28.926216195091087,0,False,True
GRDC_6172024,191.414184210977,7.805704784973567,0,False,True
GRDC_6172026,260.582673100738,9.107471713717471,0,False,True
GRDC_6172028,456.327412699765,12.052117108583284,0,False,True
GRDC_6172030,99.7477845228059,5.634776476359965,0,False,True
GRDC_6172031,98.7125795720112,5.605460727582994,0,False,True
GRDC_6172033,304.292242693046,9.841708649326796,0,False,True
GRDC_6172036,334.477682743093,10.318311544287273,0,False,True
GRDC_6172037,360.14875675157,10.706956139390222,1,True,False
GRDC_6172039,313.450863102231,9.988719064939312,0,False,True
GRDC_6172040,122.290466322149,6.239091633913221,0,False,True
GRDC_6172041,925.349797755031,17.162400438271963,0,False,True
GRDC_6172042,1734.21159962841,23.495035579805553,1,True,False
GRDC_6172050,5157.60893557207,40.518118333190735,2,True,False
GRDC_6172052,2365.81974920129,27.442008219145094,1,True,False
GRDC_6172053,607.876318250281,13.910177629206201,1,True,False
GRDC_6172055,247.28638600763,8.872074243652925,0,False,True
GRDC_6172057,268.84885998782,9.250797264201873,0,False,True
GRDC_6172058,237.210073137545,8.689436770128465,0,False,True
GRDC_6172200,8011.22546653804,50.49804220409351,6,True,False
GRDC_6172220,1057.62550460198,18.348096740396002,0,False,True
GRDC_6172224,12.6104114704104,2.0035015946779535,0,False,True
GRDC_6172230,196.63653213163,7.911469658817788,0,False,True
GRDC_6172236,1069.5476027845,18.45122152353281,0,False,True
GRDC_6172240,923.583123510502,17.14600941694299,0,False,True
GRDC_6172260,898.181394634487,16.90857822226641,0,False,True
GRDC_6172270,249.305062448565,8.908213404103291,0,False,True
GRDC_6172280,1108.91718966717,18.787743462965583,0,False,True
GRDC_6172350,56080.824261961,133.6079368447772,6,True,False
GRDC_6172351,47709.120031196,123.23264408044975,13,True,False
GRDC_6210310,713.093712653969,15.066014022071718,1,True,False
GRDC_6210320,574.678233414744,13.525005104270722,0,False,True
GRDC_6210510,698.769378097657,14.913926418317322,0,False,True
GRDC_6211160,2318.21328793993,27.164502716484805,0,False,True
GRDC_6212320,724.264379043231,15.18356058571983,0,False,True
GRDC_6212410,41644.3270972712,115.13383958911882,2,True,False
GRDC_6212440,46301.8813276237,121.40159214561926,2,True,False
GRDC_6212460,12837.5447668255,63.92431003622599,0,False,True
GRDC_6212470,5057.39568814372,40.12255034116627,1,True,False
GRDC_6212700,2416.48513557996,27.734294807535292,0,False,True
GRDC_6212710,5163.84841750919,40.54261957554911,1,True,False
GRDC_6212720,362.315656724989,10.739118001713951,0,False,True
GRDC_6212740,15522.9064485974,70.29291987742911,1,True,False
GRDC_6212750,4216.56498876605,36.63569736828655,1,True,False
GRDC_6212780,882.539966564059,16.760703932402482,0,False,True
GRDC_6212840,4126.48148692797,36.242238513143214,0,False,True
GRDC_6212860,475.790075613452,12.306448911684274,0,False,True
GRDC_6212870,86.873406505655,5.2585800495203285,0,False,True
GRDC_6213520,2738.74759206124,29.52575882708426,0,False,True
GRDC_6213530,4064.70309806166,35.96992049636624,1,True,False
GRDC_6213794,917.00806528102,17.084868535906843,0,False,True
GRDC_6213800,3261.59264756952,32.22106740047174,0,False,True
GRDC_6213900,414.38708592422,11.484925169828976,0,False,True
GRDC_6216510,48717.7534333069,124.5284808808246,0,False,True
GRDC_6216530,837.042531414099,16.322956622665327,0,False,True
GRDC_6217700,357.737028915409,10.671046479038091,0,False,True
GRDC_6220110,51.5560180156778,4.051023355481904,0,False,True
GRDC_6220111,17.2055115696812,2.340231704229117,0,False,True
GRDC_6220112,31.0946696225102,3.1460675053888774,0,False,True
GRDC_6220120,259.394374114915,9.086682216366667,0,False,True
GRDC_6220161,227.834929560946,8.5159914570904,0,False,True
GRDC_6220162,815.422776275627,16.110776862335516,1,True,False
GRDC_6220170,93.4791364645885,5.454844937173027,1,True,False
GRDC_6220210,2900.17613647055,30.383461552510546,1,True,False
GRDC_6220300,2204.17735270644,26.487949000798004,1,True,False
GRDC_6220362,212.8638877177,8.231444579905784,0,False,True
GRDC_6220500,638.870831073212,14.260396261151296,0,False,True
GRDC_6220510,112.909627093184,5.995018811403818,0,False,True
GRDC_6221100,20477.345492476,80.73500797706157,5,True,False
GRDC_6221101,16554.8854807856,72.59189839902628,9,True,False
GRDC_6221102,10163.7496941763,56.87901201984609,10,True,False
GRDC_6221120,1242.33830968798,19.885888613751806,1,True,False
GRDC_6221130,322.307105058251,10.12884682119929,0,False,True
GRDC_6221131,187.500356711762,7.725491389183029,0,False,True
GRDC_6221140,127.723954083714,6.376189872277229,0,False,True
GRDC_6221200,682.679719292952,14.741224635291388,0,False,True
GRDC_6221500,1606.10818883636,22.61061951356831,1,True,False
GRDC_6221501,2893.85616714738,30.350338172694933,1,True,False
GRDC_6221510,274.762558825044,9.35198582265643,0,False,True
GRDC_6221550,1309.03498554197,20.412711168741513,3,True,False
GRDC_6221551,299.542862991137,9.76460212327546,0,False,True
GRDC_6221560,261.555672946673,9.124459243504804,1,True,False
GRDC_6221570,190.13660435798,7.779611872873932,0,False,True
GRDC_6221600,180.836809533713,7.586972008681462,0,False,True
GRDC_6221610,113.430972229182,6.008843471083903,0,False,True
GRDC_6221620,1226.57233276219,19.759304128377583,0,False,True
GRDC_6221670,176.123610821452,7.487448598478298,0,False,True
GRDC_6221680,1057.01125406847,18.342767838511193,1,True,False
GRDC_6226200,5434.44690292916,41.591323315605564,1,True,False
GRDC_6226210,300.429336625874,9.779040236529028,0,False,True
GRDC_6226220,1052.85989656013,18.306712261941865,1,True,False
GRDC_6226230,1055.57295125395,18.330283848656922,1,True,False
GRDC_6226300,24945.1608176925,89.10831218644002,3,True,False
GRDC_6226310,5520.44551010685,41.91911714249156,1,True,False
GRDC_6226350,237.773633895487,8.699752774807958,0,False,True
GRDC_6226400,41219.0490322154,114.54444904074825,5,True,False
GRDC_6226430,4006.46804998514,35.71132017987803,0,False,True
GRDC_6226440,9626.68401908423,55.35583704038823,2,True,False
GRDC_6226450,2152.8834068746,26.177931014677714,0,False,True
GRDC_6226460,207.92589842895,8.135408352601699,0,False,True
GRDC_6226470,142.405261921039,6.732681688158057,0,False,True
GRDC_6226650,9637.24767416202,55.386200540274594,0,False,True
GRDC_6226700,101.957528662412,5.696849071558149,0,False,True
GRDC_6226800,84021.9418633259,163.53903127833536,4,True,False
GRDC_6227130,6129.62157167095,44.171474333876255,0,False,True
GRDC_6227150,2165.84212241341,26.256598398830572,0,False,True
GRDC_6227530,269.862292093643,9.268216413184598,0,False,True
GRDC_6228910,1383.15276512082,20.982640425847354,0,False,True
GRDC_6229100,630.052899557691,14.161640679948631,1,True,False
GRDC_6229110,71.4598896483201,4.769317492122223,0,False,True
GRDC_6229120,8.49219982602725,1.6441262603804918,0,False,True
GRDC_6229130,625.816447597317,14.113949206605719,0,False,True
GRDC_6229140,22.5859081298903,2.6812903323181794,0,False,True
GRDC_6232901,12618.5743442106,63.37678568141001,2,True,False
GRDC_6232905,4025.80587703295,35.797399493767614,1,True,False
GRDC_6232910,40141.4405492651,113.03723887502726,7,True,False
GRDC_6232916,589.113714029488,13.693820477209293,0,False,True
GRDC_6232930,3804.68756333578,34.800426222250444,0,False,True
GRDC_6232960,342.098206029572,10.435192428745722,0,False,True
GRDC_6232970,31.2659599298502,3.154720930082022,0,False,True
GRDC_6233100,2138.14915702167,26.088196848681125,0,False,True
GRDC_6233110,1915.37201319398,24.69173642171392,0,False,True
GRDC_6233112,2004.32377527235,25.25858414049385,1,True,False
GRDC_6233113,2004.32377527235,25.25858414049385,0,False,True
GRDC_6233114,592.150968427446,13.729075255229747,0,False,True
GRDC_6233116,1040.74745671864,18.20110448555746,0,False,True
GRDC_6233120,108.456468379335,5.875607722246442,0,False,True
GRDC_6233122,1185.90034698969,19.428942443571295,0,False,True
GRDC_6233124,3708.34802184902,34.357005643167554,1,True,False
GRDC_6233126,3149.47751594468,31.662435623918114,1,True,False
GRDC_6233128,443.893141147407,11.886781533972787,0,False,True
GRDC_6233130,3417.86148771306,32.98392185817062,1,True,False
GRDC_6233132,3850.99500520312,35.01156640027052,1,True,False
GRDC_6233133,3863.55062890364,35.06859508095,1,True,False
GRDC_6233140,200.343917079114,7.985702814597321,0,False,True
GRDC_6233150,259.937364820018,9.096187828468276,0,False,True
GRDC_6233160,249.904428617554,8.91891530569042,0,False,True
GRDC_6233163,1167.51288993064,19.277730548794654,1,True,False
GRDC_6233165,79.3659692743663,5.026228471387842,0,False,True
GRDC_6233170,5469.50462041925,41.72526085247843,2,True,False
GRDC_6233180,153.926672923219,6.999741548002999,0,False,True
GRDC_6233190,241.44304887875,8.766624744362126,0,False,True
GRDC_6233200,563.631370170025,13.394380810191812,0,False,True
GRDC_6233201,28357.7045333899,95.00809282612141,6,True,False
GRDC_6233204,12493.2513316175,63.06128296690972,0,False,True
GRDC_6233205,1082.71025381413,18.564411589425582,0,False,True
GRDC_6233220,236.566973831334,8.677649826715509,0,False,True
GRDC_6233221,20162.4344889049,80.11181078562295,3,True,False
GRDC_6233222,59.6602353167446,4.357802509679751,0,False,True
GRDC_6233223,8358.44189943366,51.58075890952512,0,False,True
GRDC_6233225,2.85687262435702,0.9536093539288876,0,False,True
GRDC_6233227,440.905956066201,11.846717886958727,1,True,False
GRDC_6233230,165.936594944671,7.267685921293242,0,False,True
GRDC_6233233,2732.14133397174,29.49012711153641,0,False,True
GRDC_6233240,4.68521850996356,1.2212089791074623,0,False,True
GRDC_6233250,3515.21727265844,33.45038729179684,2,True,False
GRDC_6233300,47.0771926651967,3.8710639156582194,0,False,True
GRDC_6233301,15024.714649492,69.15573157753253,1,True,False
GRDC_6233302,14.2213653301064,2.1276280642077166,0,False,True
GRDC_6233315,48425.6082519233,124.15454019507519,8,True,False
GRDC_6233320,48417.5017978036,124.14414801577375,8,True,False
GRDC_6233325,171.912119716481,7.397386515558536,0,False,True
GRDC_6233350,1374.27677519669,20.91520700107664,0,False,True
GRDC_6233360,4507.89000715489,37.88015252221828,1,True,False
GRDC_6233366,85.0705596241293,5.203729446420901,0,False,True
GRDC_6233367,51.7881486171763,4.060132964818101,0,False,True
GRDC_6233400,2104.60036413204,25.88271821832541,0,False,True
GRDC_6233401,25587.1035970199,90.24759295261157,3,True,False
GRDC_6233402,162.814810179232,7.198997409166559,0,False,True
GRDC_6233403,670.621235683623,14.610454106662363,0,False,True
GRDC_6233406,45.7020988470728,3.814109317045343,0,False,True
GRDC_6233410,22684.8861612433,84.97542899025343,6,True,False
GRDC_6233411,234.49750421238,8.639610747957668,0,False,True
GRDC_6233414,2827.39143199412,29.99977741442548,2,True,False
GRDC_6233415,5.26347574790833,1.2943787568744487,0,False,True
GRDC_6233416,750.680507594798,15.457976159021928,1,True,False
GRDC_6233417,2.18267375716819,0.833526625381909,0,False,True
GRDC_6233418,211.226396692249,8.199722573972975,0,False,True
GRDC_6233419,318.421303034053,10.067603921850706,0,False,True
GRDC_6233421,143.985262503787,6.7699285461313154,0,False,True
GRDC_6233422,1099.69766950663,18.70947995047525,2,True,False
GRDC_6233423,1185.70851949686,19.427370997852396,1,True,False
GRDC_6233424,208.281227662857,8.14235677624017,0,False,True
GRDC_6233425,849.527538945676,16.444239545561054,0,False,True
GRDC_6233440,2239.29748421324,26.69813715096177,0,False,True
GRDC_6233450,382.61569035052,11.035866837163564,0,False,True
GRDC_6233460,164.068455554792,7.226659768800255,0,False,True
GRDC_6233465,202.83482275773,8.03519317416342,0,False,True
GRDC_6233470,1100.06304315204,18.712587797007668,0,False,True
GRDC_6233501,27464.9402390488,93.50059893677813,1,True,False
GRDC_6233502,27357.2058934243,93.31703539141402,1,True,False
GRDC_6233510,13815.8887830724,66.31541288469586,1,True,False
GRDC_6233520,1077.31299507888,18.518082429017237,0,False,True
GRDC_6233523,6675.05698712695,46.094865547506444,1,True,False
GRDC_6233525,4012.76580802021,35.73937643039005,0,False,True
GRDC_6233530,194.73579092531,7.873139618052374,0,False,True
GRDC_6233540,174.727696793122,7.4577176990936405,0,False,True
GRDC_6233550,168.320166178286,7.319697598852493,0,False,True
GRDC_6233555,11.3123792753645,1.8975885116666222,0,False,True
GRDC_6233600,234.137790710134,8.632981727784841,0,False,True
GRDC_6233610,954.100133453388,17.42697635527998,0,False,True
GRDC_6233650,30739.2297945392,98.91714076578012,4,True,False
GRDC_6233652,20930.9717467576,81.62435441966173,2,True,False
GRDC_6233680,6164.76388848797,44.29791520709015,0,False,True
GRDC_6233700,1469.69247368806,21.62909253817229,0,False,True
GRDC_6233710,11701.6988992012,61.030864689611946,1,True,False
GRDC_6233720,2394.06504057838,27.60533590781131,0,False,True
GRDC_6233755,44.1384045910912,3.7482916831170363,0,False,True
GRDC_6233780,3882.79276264273,35.15581491520362,1,True,False
GRDC_6233785,40.4678176568152,3.5890536959548602,0,False,True
GRDC_6233800,1090.57360961342,18.631703130714957,0,False,True
GRDC_6233850,16432.3827468976,72.32281715954835,4,True,False
GRDC_6233870,519.301866200122,12.856862678164955,0,False,True
GRDC_6233902,14.6666306139301,2.1606789491777323,1,True,False
GRDC_6235300,137.872106029106,6.624655038418548,1,True,False
GRDC_6238100,85.5273878853797,5.217682733109798,0,False,True
GRDC_6238150,56.4499939987235,4.238937504234917,0,False,True
GRDC_6242030,156.539917944191,7.0589095095514125,0,False,True
GRDC_6242501,101164.068190954,179.44782816114494,78,True,False
GRDC_6242951,197.261371279575,7.924029570897625,1,True,False
GRDC_6243030,5755.17804765592,42.80105219871127,16,True,False
GRDC_6243110,162.884307995211,7.200533698211621,1,True,False
GRDC_6243220,191.990801551546,7.817452922161243,1,True,False
GRDC_6243850,24264.4433049643,87.88408380768516,57,True,False
GRDC_6321200,2127.22683770061,26.021478293816937,0,False,True
GRDC_6334270,440.260258195207,11.838040069089251,1,True,False
GRDC_6334280,131.278931482333,6.464316030213179,0,False,True
GRDC_6334800,481.319058735322,12.377746757957588,0,False,True
GRDC_6335020,158721.302648701,224.77223979186357,48,True,False
GRDC_6335030,4097.88324143436,36.116433215026014,1,True,False
GRDC_6335031,2008.0043552836,25.28176492626412,0,False,True
GRDC_6335032,444.952713384238,11.900959942563695,0,False,True
GRDC_6335035,193.514021186332,7.848402771187842,0,False,True
GRDC_6335045,2881.69589677381,30.28650347792508,1,True,False
GRDC_6335046,1494.11871626441,21.808089290884606,1,True,False
GRDC_6335048,785.029569553114,15.807677657877576,0,False,True
GRDC_6335050,147464.836187307,216.65529124139348,59,True,False
GRDC_6335055,267.850506617925,9.23360516135612,0,False,True
GRDC_6335060,144041.075526608,214.12542669348122,59,True,False
GRDC_6335070,139227.618222812,210.51728506263694,57,True,False
GRDC_6335075,359.038985074838,10.690447066176205,0,False,True
GRDC_6335076,663.145101602597,14.528786660091784,1,True,False
GRDC_6335080,4713.97757114408,38.73636100802209,2,True,False
GRDC_6335081,1895.02281598544,24.56022184085502,0,False,True
GRDC_6335082,1051.80537545341,18.297542166861486,0,False,True
GRDC_6335083,4177.62013256756,36.46611836920256,0,False,True
GRDC_6335100,103274.986712218,181.31036723254024,45,True,False
GRDC_6335113,4036.70796642169,35.84583732246869,1,True,False
GRDC_6335115,4006.16550221447,35.70997178720975,1,True,False
GRDC_6335116,2826.98572353479,29.99762497101329,1,True,False
GRDC_6335117,329.19189741045,10.23645619329983,0,False,True
GRDC_6335125,957.215095875532,17.455401118895747,2,True,False
GRDC_6335150,98001.9894883323,176.6210692975674,45,True,False
GRDC_6335156,111.074477345043,5.946099918570547,0,False,True
GRDC_6335165,89.786898014849,5.346031919835703,0,False,True
GRDC_6335167,397.803850952682,11.252772925826854,0,False,True
GRDC_6335170,53044.0141338552,129.94011736826633,27,True,False
GRDC_6335175,201.004211158454,7.998851641098873,0,False,True
GRDC_6335180,68711.5858724775,147.8904225383648,30,True,False
GRDC_6335190,313.353521471384,9.987167954672948,0,False,True
GRDC_6335200,50535.7716609646,126.83073651765835,32,True,False
GRDC_6335240,21469.7472285285,82.6682091054818,9,True,False
GRDC_6335290,1925.00348367864,24.75373991527641,3,True,False
GRDC_6335291,723.196436812207,15.172362225118954,1,True,False
GRDC_6335300,146.003172125963,6.817202732931425,0,False,True
GRDC_6335301,12666.9940097377,63.49826313790296,2,True,False
GRDC_6335302,17873.4410615629,75.42740211633155,5,True,False
GRDC_6335303,11943.837194899,61.65907441817487,2,True,False
GRDC_6335304,24732.4159308561,88.72751827928569,9,True,False
GRDC_6335310,967.751740190089,17.551209253896797,0,False,True
GRDC_6335320,471.990906687534,12.25721713063341,0,False,True
GRDC_6335350,3578.35877271361,33.749473679855186,1,True,False
GRDC_6335351,1663.96131598821,23.014242049357993,0,False,True
GRDC_6335360,694.694991952345,14.870382773177035,0,False,True
GRDC_6335400,34234.1047430796,104.388955279635,27,True,False
GRDC_6335450,634.923140925521,14.216269296951907,0,False,True
GRDC_6335465,264.717710089528,9.179447922910798,0,False,True
GRDC_6335500,14115.1682948621,67.02982629697473,0,False,True
GRDC_6335530,6941.7559592454,47.006696855906114,2,True,False
GRDC_6335540,710.116879485081,15.03453434882786,0,False,True
GRDC_6335550,174.826307782048,7.459821856588538,0,False,True
GRDC_6335551,121.426437924145,6.217011793083372,0,False,True
GRDC_6335570,54.8232418044207,4.177413058220552,0,False,True
GRDC_6335600,12622.8003976488,63.387397469026105,8,True,False
GRDC_6335601,7866.58899924076,50.04011439838028,7,True,False
GRDC_6335602,3967.64916444419,35.53789461900412,6,True,False
GRDC_6335620,157.737266467853,7.0858543123835505,0,False,True
GRDC_6335621,302.341006727215,9.810103538700929,0,False,True
GRDC_6335635,145.250446054509,6.799606823321154,0,False,True
GRDC_6335665,118.013798312741,6.129025918451106,0,False,True
GRDC_6335671,134.359627822133,6.539724599687638,0,False,True
GRDC_6335675,518.260069821396,12.843959819247798,0,False,True
GRDC_6335676,183.482442401816,7.642268992756404,0,False,True
GRDC_6335677,117.517077918416,6.116113774028625,0,False,True
GRDC_6335680,172.482677395844,7.40965190886499,0,False,True
GRDC_6335681,1825.58952636724,24.10608210299377,3,True,False
GRDC_6335690,576.891201659576,13.55102109586912,1,True,False
GRDC_6335695,681.053841523832,14.723660237199322,1,True,False
GRDC_6335696,132.766121980553,6.500828345425919,0,False,True
GRDC_6335710,478.418057838563,12.340388873081073,0,False,True
GRDC_6335720,142.164194662351,6.726980646797136,0,False,True
GRDC_6335725,126.006579701416,6.333177720794394,0,False,True
GRDC_6335730,205.654411520535,8.09084867762931,0,False,True
GRDC_6335735,109.596000875028,5.9063940407603,0,False,True
GRDC_6335800,4249.76832218583,36.7796583853419,1,True,False
GRDC_6335810,313.696824141629,9.99263730897597,0,False,True
GRDC_6335820,209.240200861162,8.161079862444062,0,False,True
GRDC_6336050,27046.9520613182,92.78637956217841,9,True,False
GRDC_6336500,23748.3439098337,86.94442274805604,8,True,False
GRDC_6336510,259.154491739366,9.082479659739167,0,False,True
GRDC_6336800,11528.5621810751,60.577680012697485,6,True,False
GRDC_6336900,6923.84261502687,46.946006802961236,2,True,False
GRDC_6336910,1312.05468807756,20.436241788275975,1,True,False
GRDC_6336920,1778.69339280333,23.794446650827762,0,False,True
GRDC_6336930,715.932216336715,15.095969736901592,0,False,True
GRDC_6337050,1409.94070988113,21.184854658178693,0,False,True
GRDC_6337060,938.605810305347,17.284892497488656,0,False,True
GRDC_6337100,17573.8521722413,74.79258576060124,7,True,False
GRDC_6337200,38365.8179048031,110.50890973412919,12,True,False
GRDC_6337250,15494.8603583884,70.22939012345431,5,True,False
GRDC_6337300,15.6860039114227,2.2345044461185246,0,False,True
GRDC_6337310,330.198936892846,10.252101541653326,0,False,True
GRDC_6337320,215.696854257887,8.286038928766247,0,False,True
GRDC_6337330,151.584787380479,6.946289399260182,0,False,True
GRDC_6337340,321.45505736707,10.115449704472658,0,False,True
GRDC_6337350,255.927486956051,9.02575477421607,0,False,True
GRDC_6337400,12385.5846103864,62.78896421865712,6,True,False
GRDC_6337500,2901.20704328939,30.38886117881119,1,True,False
GRDC_6337501,7757.36755710172,49.6915162194401,1,True,False
GRDC_6337503,103.293623549551,5.734054547662491,0,False,True
GRDC_6337504,1185.33264256263,19.42429145539272,0,False,True
GRDC_6337505,1434.34187005189,21.367386302607592,2,True,False
GRDC_6337506,2975.86286603445,30.77737107333885,2,True,False
GRDC_6337507,6323.8975626633,44.866012898510455,5,True,False
GRDC_6337508,2517.90428050491,28.310313049297022,1,True,False
GRDC_6337509,5276.22011736505,40.9813741233636,0,False,True
GRDC_6337510,6417.81290408479,45.19793463254812,1,True,False
GRDC_6337511,5153.14750291083,40.500590059156316,2,True,False
GRDC_6337512,4283.70676025077,36.92622660522135,3,True,False
GRDC_6337513,5465.58611063752,41.71031158843981,2,True,False
GRDC_6337514,15877.0406829492,71.09021741931146,6,True,False
GRDC_6337515,22141.7327251271,83.95196497787958,7,True,False
GRDC_6337516,14744.1853940082,68.50707974099801,8,True,False
GRDC_6337517,19874.9417413067,79.53860976648264,5,True,False
GRDC_6337518,19057.0835747098,77.88490292515529,8,True,False
GRDC_6337519,12953.2087108153,64.21163750017986,7,True,False
GRDC_6337520,473.237431966289,12.273392078276439,0,False,True
GRDC_6337521,84.646984200569,5.190758317113622,0,False,True
GRDC_6337530,560.491497883415,13.357020060561869,0,False,True
GRDC_6337540,321.836142435911,10.121443862839188,1,True,False
GRDC_6337541,306.16892015601,9.872010642613471,1,True,False
GRDC_6337542,261.833267294417,9.129299946415165,0,False,True
GRDC_6337550,988.48455243004,17.7382187769359,0,False,True
GRDC_6337570,866.710403627929,16.609710711903244,0,False,True
GRDC_6337580,65.5470266487933,4.567741957714259,0,False,True
GRDC_6337590,129.043735305225,6.409048033658149,0,False,True
GRDC_6337600,245.455577188944,8.839170596735274,0,False,True
GRDC_6337601,997.696960706121,17.82068477944322,0,False,True
GRDC_6337610,1150.19141838243,19.134191895005234,2,True,False
GRDC_6338010,293.964506712349,9.673252228370869,0,False,True
GRDC_6338100,8455.73139037041,51.88008188572481,3,True,False
GRDC_6338110,4957.69599770113,39.72510099121312,3,True,False
GRDC_6338120,2929.49686399636,30.53666342864677,1,True,False
GRDC_6338130,3757.93283779535,34.5859389620257,0,False,True
GRDC_6338140,8453.52171752215,51.87330272651509,4,True,False
GRDC_6338150,1789.95377443205,23.86964562396586,0,False,True
GRDC_6338160,3097.93850574144,31.4023001254198,0,False,True
GRDC_6338161,2263.69299893804,26.843171586960647,1,True,False
GRDC_6338162,1768.0213393408,23.72295663057375,0,False,True
GRDC_6338163,411.429083014423,11.443860563071464,0,False,True
GRDC_6338200,1504.5413080055,21.884020940175557,1,True,False
GRDC_6338201,671.076347450318,14.61541090005836,0,False,True
GRDC_6338210,333.637712269125,10.305347263387366,0,False,True
GRDC_6338250,626.032934071992,14.116390189838205,0,False,True
GRDC_6338260,159.134280549412,7.117163390679095,0,False,True
GRDC_6340050,1480.12028031602,21.705688608420434,0,False,True
GRDC_6340110,130643.0663888,203.92395541701407,29,True,False
GRDC_6340120,52913.9646078582,129.78073066468872,19,True,False
GRDC_6340130,61510.8032178817,139.92675502332452,13,True,False
GRDC_6340140,93737.2109239097,172.73529153122033,19,True,False
GRDC_6340150,122264.401020746,197.27637358093085,19,True,False
GRDC_6340160,97533.0438522194,176.1979911569897,14,True,False
GRDC_6340170,69834.6769484051,149.09415840712413,11,True,False
GRDC_6340180,94773.446101937,173.68743432371033,15,True,False
GRDC_6340190,55367.2606335628,132.75521244221505,16,True,False
GRDC_6340200,6210.10321028618,44.460513335495655,1,True,False
GRDC_6340210,327.383842700096,10.20830611356652,1,True,False
GRDC_6340215,98.1852266361917,5.590467629411324,1,True,False
GRDC_6340216,90.7916017801554,5.375859413069255,0,False,True
GRDC_6340218,423.114368696129,11.6052353074977,0,False,True
GRDC_6340300,23429.439097322,86.35868278533793,3,True,False
GRDC_6340301,17890.2488199406,75.46285884907216,2,True,False
GRDC_6340302,2678.83862138637,29.20104136290756,1,True,False
GRDC_6340303,530.496398740513,12.994700777778744,0,False,True
GRDC_6340310,189.121476835554,7.75881664730103,0,False,True
GRDC_6340315,313.869625750096,9.995389179469804,1,True,False
GRDC_6340320,873.973425207444,16.679160095923272,0,False,True
GRDC_6340335,367.723618506307,10.818967748996863,0,False,True
GRDC_6340415,28.628643911435,3.0187382107505027,0,False,True
GRDC_6340420,240.721573556518,8.753516817871446,0,False,True
GRDC_6340430,262.464541677696,9.140298594067275,0,False,True
GRDC_6340440,280.604967971872,9.450890720865035,0,False,True
GRDC_6340501,18184.0724698703,76.08002391063121,1,True,False
GRDC_6340515,195.388493763547,7.886322920822919,0,False,True
GRDC_6340600,6163.79111543799,44.294420059593584,0,False,True
GRDC_6340612,279.57709549456,9.433565256384682,0,False,True
GRDC_6340620,2100.56943462594,25.85791982462883,1,True,False
GRDC_6340621,1032.13136524032,18.12560667664304,0,False,True
GRDC_6340625,519.614623650349,12.860733715988983,0,False,True
GRDC_6340627,360.154097239856,10.707035523479151,0,False,True
GRDC_6340628,378.91222728713,10.982327073139507,0,False,True
GRDC_6340631,1557.79534483542,22.26795138561699,1,True,False
GRDC_6340635,206.898868820645,8.11529145415336,0,False,True
GRDC_6340670,170.642486424972,7.370019703640682,0,False,True
GRDC_6340700,3077.61154853055,31.299108321654774,0,False,True
GRDC_6340800,2140.41445345156,26.102012969583527,1,True,False
GRDC_6340810,728.758699196069,15.230597447130828,0,False,True
GRDC_6341300,349.054313408449,10.540751338163926,1,True,False
GRDC_6341301,349.054313408449,10.540751338163926,0,False,True
GRDC_6341400,1421.79797475307,21.27374794247581,0,False,True
GRDC_6341500,1378.27205448645,20.94558714368927,0,False,True
GRDC_6342050,158.953900365611,7.1131285615998285,0,False,True
GRDC_6342220,9.16443905721919,1.707961227089692,0,False,True
GRDC_6342520,1406.1450394083,21.156319799340285,1,True,False
GRDC_6342530,36.2207523709138,3.395500488098454,0,False,True
GRDC_6342540,27.4775431537893,2.9574268602778444,0,False,True
GRDC_6342620,2660.16119703399,29.099065412112907,1,True,False
GRDC_6342625,621.282478460794,14.062729287262794,0,False,True
GRDC_6342840,20.2958177704499,2.5417237152213974,0,False,True
GRDC_6342900,76327.0705782948,155.87065518730324,120,True,False
GRDC_6342910,26360.3815576852,91.60114657245329,14,True,False
GRDC_6342925,8806.89210083831,52.946395743721475,4,True,False
GRDC_6342930,675.828839401485,14.667071996469167,1,True,False
GRDC_6342940,17.7583013625537,2.3775287349539904,0,False,True
GRDC_6342945,35.0746351376045,3.3413475004238746,1,True,False
GRDC_6342947,6.51458211459214,1.44001940661603,0,False,True
GRDC_6342950,108.572475333839,5.878749209330732,0,False,True
GRDC_6342960,113.241835900689,6.003831767862239,0,False,True
GRDC_6343111,115.514666999324,6.063782689469776,0,False,True
GRDC_6343120,31.0781755875385,3.145232985657699,0,False,True
GRDC_6343510,6.49900551979259,1.4382968077949025,0,False,True
GRDC_6343520,28.2871013867718,3.00067726070177,0,False,True
GRDC_6343530,339.01248530381,10.388023181141818,0,False,True
GRDC_6343531,247.947979842875,8.883934558701249,1,True,False
GRDC_6343535,154.061517475868,7.002806872465184,1,True,False
GRDC_6343550,353.932424168223,10.614150444276744,1,True,False
GRDC_6343555,124.230429215349,6.288384035990583,0,False,True
GRDC_6357020,758.802188508115,15.541371826837855,0,False,True
GRDC_6357500,51151.631180522,127.6012143327296,7,True,False
GRDC_6357501,4184.22881081868,36.49495028820607,0,False,True
GRDC_6357502,1615.21978715693,22.674664862170044,0,False,True
GRDC_6357503,365.70284534846,10.789199742332919,1,True,False
GRDC_6357520,293.955945730248,9.673111372688924,0,False,True
GRDC_6401070,467.550966719667,12.199430109708343,0,False,True
GRDC_6401310,116.263976403553,6.083417879472845,0,False,True
GRDC_6401400,1013.50294418584,17.96129190260911,0,False,True
GRDC_6401601,351.243966778306,10.573761255482637,0,False,True
GRDC_6502101,7976.52291506931,50.388551291321235,4,True,False
GRDC_6502110,690.274777882175,14.822998548985174,0,False,True
GRDC_6502141,1187.16839659171,19.4393270768332,0,False,True
GRDC_6502150,1211.21330695522,19.635202313223278,1,True,False
GRDC_6502151,1093.7486803525,18.658805373246047,0,False,True
GRDC_6502160,1056.15731339273,18.335356942754565,0,False,True
GRDC_6502170,533.522365962893,13.031709158285999,0,False,True
GRDC_6502810,471.833075872827,12.255167590809496,0,False,True
GRDC_6503100,3057.0744564746,31.194503078199592,1,True,False
GRDC_6503105,739.954018619847,15.34713912910553,0,False,True
GRDC_6503120,812.130683621304,16.078222086719084,1,True,False
GRDC_6503121,768.386610466051,15.639215278350681,0,False,True
GRDC_6503130,421.532738840154,11.583524425793343,1,True,False
GRDC_6503131,363.502722325261,10.75669606202815,0,False,True
GRDC_6503151,1929.37969900608,24.78186095506029,0,False,True
GRDC_6503180,526.784775015784,12.949162203734572,0,False,True
GRDC_6503201,1517.12587088196,21.975353541795887,0,False,True
GRDC_6503250,629.470874859555,14.15509811101838,0,False,True
GRDC_6503260,419.625641840826,11.557291650475618,0,False,True
GRDC_6503280,2157.85794656721,26.208157458558528,1,True,False
GRDC_6503281,1576.74298320249,22.402965864462573,1,True,False
GRDC_6503282,1098.97795424112,18.70335658466111,0,False,True
GRDC_6503291,1047.51059344845,18.260147255071388,0,False,True
GRDC_6503300,2361.82718201002,27.418842818240755,1,True,False
GRDC_6503301,1579.75054510781,22.42432197887036,0,False,True
GRDC_6503350,2748.90240521744,29.580446442457756,2,True,False
GRDC_6503351,2390.84777637997,27.586780957231625,2,True,False
GRDC_6503352,1698.18185683292,23.249689752077664,0,False,True
GRDC_6503353,1026.58076148203,18.07680296252117,1,True,False
GRDC_6503354,402.338931649928,11.316733607397344,0,False,True
GRDC_6503370,339.084656576436,10.389128858644264,1,True,False
GRDC_6503410,313.896493117122,9.995816974995199,0,False,True
GRDC_6503500,2321.3667826658,27.18297254498086,0,False,True
GRDC_6503501,1266.50426055247,20.07836714047591,0,False,True
GRDC_6503800,195.825164565328,7.895130514735754,0,False,True
GRDC_6503851,2520.94656481246,28.327411002787958,2,True,False
GRDC_6503852,1711.27919425988,23.339174911584845,1,True,False
GRDC_6503853,1390.80846798769,21.04062939050574,1,True,False
GRDC_6503855,700.578989402052,14.933225317369395,0,False,True
GRDC_6729110,312.497971891919,9.973524646060797,0,False,True
GRDC_6729130,130.614177963893,6.447928669090266,0,False,True
GRDC_6729131,98.9927164210247,5.613408972897008,0,False,True
GRDC_6729134,1013.04769734286,17.957257508872477,0,False,True
GRDC_6729140,281.21874662468,9.461221233585555,0,False,True
GRDC_6729145,57.9071947315294,4.293300893743149,0,False,True
GRDC_6729150,48.4682261311006,3.9278385332547545,0,False,True
GRDC_6729180,159.417282870651,7.1234891146323855,0,False,True
GRDC_6729200,1109.57774453453,18.79333832970751,0,False,True
GRDC_6729205,76.5140737495889,4.935097375603627,0,False,True
GRDC_6729207,26.6947007505447,2.9149935090178563,0,False,True
GRDC_6729215,635.789192670899,14.225961674205298,1,True,False
GRDC_6729217,179.688359343201,7.562842138448111,0,False,True
GRDC_6729218,34.0873954974645,3.2939877020261905,0,False,True
GRDC_6729220,146.36236701456,6.825583373309184,0,False,True
GRDC_6729225,71.7248413367569,4.778150906203521,0,False,True
GRDC_6729227,18.5843125516878,2.432194567285219,0,False,True
GRDC_6729232,5.15823034479501,1.2813725898275938,0,False,True
GRDC_6729237,50.1749881044681,3.996397722049983,0,False,True
GRDC_6729250,262.678967632692,9.144031511868155,0,False,True
GRDC_6729260,3720.28893428619,34.412276112507485,3,True,False
GRDC_6729265,176.288494626635,7.490952586962221,0,False,True
GRDC_6729280,277.900500737956,9.405236666895586,0,False,True
GRDC_6729300,623.678471975939,14.089819850868983,0,False,True
GRDC_6729310,16197.4889305144,71.80404485776026,12,True,False
GRDC_6729315,316.400990442166,10.035614742310733,0,False,True
GRDC_6729320,142.385014417454,6.732203037156349,0,False,True
GRDC_6729327,90.3301169781166,5.362179524621755,0,False,True
GRDC_6729342,40.2098755239486,3.5775970848451437,0,False,True
GRDC_6729350,312.021684735438,9.965921279792044,0,False,True
GRDC_6729360,7.29305209752321,1.5236307239928806,0,False,True
GRDC_6729371,1803.93659462357,23.96269709605752,0,False,True
GRDC_6729380,10.1781816935857,1.7999488482851966,0,False,True
GRDC_6729383,17.250581279598,2.3432948093897767,0,False,True
GRDC_6729387,60.2728022144974,4.3801174428175775,0,False,True
GRDC_6729388,115.308242385772,6.058362279516473,0,False,True
GRDC_6729390,114.971645077994,6.0495133076256185,0,False,True
GRDC_6729395,192.821142474555,7.8343395327815655,0,False,True
GRDC_6729400,39682.4812082193,112.38917241833707,15,True,False
GRDC_6729401,14586.3995471146,68.13952729270541,3,True,False
GRDC_6729402,19358.9779982356,78.49938906292763,9,True,False
GRDC_6729403,39660.3260110672,112.3577939379144,15,True,False
GRDC_6729405,52.7308948986001,4.096921423891704,0,False,True
GRDC_6729410,483.695301440012,12.408263228550744,0,False,True
GRDC_6729420,183.689800742328,7.6465861381019975,1,True,False
GRDC_6729425,5.80337108788838,1.3591432560506829,0,False,True
GRDC_6729430,81.8362523591891,5.10385032834638,0,False,True
GRDC_6729435,417.57694722299,11.529044650079411,0,False,True
GRDC_6729436,263.186857678522,9.152867239981134,0,False,True
GRDC_6729438,6.460263701491,1.4340034182451848,0,False,True
GRDC_6729445,23.0507648209095,2.7087425729649963,0,False,True
GRDC_6729447,75.6638178782735,4.907600356290669,0,False,True
GRDC_6729450,11398.7395438348,60.23563303258902,4,True,False
GRDC_6729453,778.388869123372,15.740675726835557,0,False,True
GRDC_6729460,39.1918911769623,3.5320201613051956,0,False,True
GRDC_6729465,413.691185207167,11.475277516405901,0,False,True
GRDC_6729470,73.7604276842066,4.845479681210883,0,False,True
GRDC_6729480,52.5169543159764,4.088601931105275,0,False,True
GRDC_6729520,151.813526947892,6.9515283559763565,0,False,True
GRDC_6729525,810.319854590159,16.060287067392643,0,False,True
GRDC_6729530,1633.52750519364,22.802805841744107,0,False,True
GRDC_6729567,59.1484134347772,4.339069571737209,0,False,True
GRDC_6729590,514.163839695994,12.793101003800942,0,False,True
GRDC_6729595,2044.35682693499,25.509586215788215,1,True,False
GRDC_6729598,95.594698775659,5.516224948916946,0,False,True
GRDC_6729830,118.457138758024,6.140527530735785,0,False,True
GRDC_6729840,31.6013296288624,3.171595125078175,0,False,True
GRDC_6730100,2776.92483231465,29.730836303659846,1,True,False
GRDC_6730330,2758.00799792845,29.62939776496629,0,False,True
GRDC_6730400,1155.32846946262,19.176873405733783,0,False,True
GRDC_6730501,14920.892822331,68.91638191342258,3,True,False
GRDC_6730795,17.7085708346069,2.3741973731855817,0,False,True
GRDC_6731010,39.4045787403503,3.541591022967096,0,False,True
GRDC_6731020,1023.87877394872,18.052997978220024,1,True,False
GRDC_6731050,579.973365082549,13.587172473662658,0,False,True
GRDC_6731100,36.8922437105761,3.426830298771468,0,False,True
GRDC_6731105,109.47899569804,5.903240352565599,0,False,True
GRDC_6731112,138.032941915968,6.6285179362271895,0,False,True
GRDC_6731120,344.13878059759,10.466268488981514,0,False,True
GRDC_6731123,144.716109633187,6.787088358515803,0,False,True
GRDC_6731133,78.832325658225,5.009302207680539,0,False,True
GRDC_6731137,2410.41299583282,27.699427545699837,2,True,False
GRDC_6731147,20.9634855558449,2.5831927340592555,0,False,True
GRDC_6731160,224.019480450407,8.444383655727691,0,False,True
GRDC_6731161,225.878702782355,8.479352815751549,1,True,False
GRDC_6731165,490.871172252352,12.499965878775432,0,False,True
GRDC_6731175,391.185444146559,11.15877207415972,0,False,True
GRDC_6731192,24.3352258686646,2.783189353333953,0,False,True
GRDC_6731500,2951.11646624546,30.649136145831303,0,False,True
GRDC_6731501,2966.76533044223,30.73029018195374,2,True,False
GRDC_6731502,785.00193358868,15.807399410866683,0,False,True
GRDC_6731540,3.56501981777359,1.065261025494911,0,False,True
GRDC_6731541,8.38667146842182,1.6338789553006043,0,False,True
GRDC_6731542,1.93581374468358,0.7849768485396547,0,False,True
GRDC_6731550,220.147736953781,8.371093183890448,0,False,True
GRDC_6731555,5227.88101685939,40.79321281118849,2,True,False
GRDC_6731556,241.320588793204,8.76440124324361,0,False,True
GRDC_6731560,19.8459320546723,2.5133953874259385,0,False,True
GRDC_6731561,31.5031771127789,3.166665868258988,0,False,True
GRDC_6731575,324.354827492835,10.16097181486138,0,False,True
GRDC_6731580,47.8010433288916,3.900710789264686,0,False,True
GRDC_6731582,21.1517194395974,2.5947642296381614,0,False,True
GRDC_6731601,3691.34201227746,34.27813670247383,1,True,False
GRDC_6731610,522.374184569824,12.894838782853052,0,False,True
GRDC_6731620,707.866117801039,15.010688971216826,0,False,True
GRDC_6731650,20.3734599257578,2.5465807880642597,0,False,True
GRDC_6731670,6.73274788601163,1.4639331314307082,0,False,True
GRDC_6731680,424.482323676718,11.623980391267319,1,True,False
GRDC_6731682,39.7413280614567,3.5566919478688295,0,False,True
GRDC_6731690,402.481571728175,11.318739474334967,0,False,True
GRDC_6731693,711.371002148633,15.047804581678367,1,True,False
GRDC_6731727,70.1676395636905,4.725997605088641,0,False,True
GRDC_6731758,9.74894147757202,1.7615857776839552,0,False,True
GRDC_6731765,208.762325688216,8.151755156362308,0,False,True
GRDC_6731770,226.680326002478,8.494385720577641,0,False,True
GRDC_6731772,338.261005618563,10.376503370541512,0,False,True
GRDC_6731780,117.045549946219,6.103831229785122,0,False,True
GRDC_6731850,406.458061327742,11.374516220029657,0,False,True
GRDC_6731905,464.736495771982,12.162656826311975,1,True,False
GRDC_6731906,437.407772775317,11.79962789108269,0,False,True
GRDC_6731907,2910.81446262909,30.439136326472823,0,False,True
GRDC_6731910,7324.59525428429,48.28551627282829,0,False,True
GRDC_6731920,7899.08629071656,50.143367040456404,2,True,False
GRDC_6731930,124.200537249209,6.287627444096969,0,False,True
GRDC_6733100,365.240301798506,10.782374455342191,0,False,True
GRDC_6733570,4933.04152492492,39.626202017588874,1,True,False
GRDC_6733571,1748.33858800842,23.59053744533366,0,False,True
GRDC_6733645,65.4365248024602,4.5638900909349145,0,False,True
GRDC_6830101,307.41408939008,9.892064688681025,0,False,True
GRDC_6830102,3487.07138136428,33.31620168201678,0,False,True
GRDC_6830103,666.871827458121,14.569553716479136,0,False,True
GRDC_6830104,5134.78316073301,40.4283593962378,2,True,False
GRDC_6830105,2059.75504725786,25.60547587253824,0,False,True
GRDC_6830200,742.219397994769,15.370613914190825,0,False,True
GRDC_6830510,1458.79489793825,21.548754904360923,0,False,True
GRDC_6830511,11634.0222045925,60.854122981138524,2,True,False
GRDC_6830512,3571.21421503003,33.7157647151024,0,False,True
GRDC_6832750,7997.98305859917,50.456288776351634,2,True,False
GRDC_6832752,3306.73616655951,32.44328609770259,0,False,True
GRDC_6832754,11.100564817788,1.8797392169463,0,False,True
GRDC_6832755,40141.4405492538,113.03723887501135,7,True,False
GRDC_6832907,4027.06775631258,35.803009359078615,1,True,False
GRDC_6832909,109.546750451957,5.9050667793147396,0,False,True
GRDC_6832917,33365.7760233423,103.05656877862731,7,True,False
GRDC_6832918,655.935994122245,14.449599012875874,0,False,True
GRDC_6832929,363.685533477932,10.759400576614468,0,False,True
GRDC_6836200,272.114628757471,9.306813445467522,0,False,True
GRDC_6836210,683.028379302604,14.744988493590318,1,True,False
GRDC_6836220,1076.42408942403,18.51044109118023,2,True,False
GRDC_6836300,310.457693154784,9.940913085475675,0,False,True
GRDC_6836310,4216.93488126029,36.6373042416936,3,True,False
GRDC_6836320,2143.92584366951,26.12341461763621,5,True,False
GRDC_6836400,83.3384968808512,5.150482254786628,0,False,True
GRDC_6836500,152.672980329921,6.971177733507966,1,True,False
GRDC_6836600,311.370864304868,9.955522305626715,1,True,False
GRDC_6836700,426.820552105225,11.655951328034828,0,False,True
GRDC_6836800,461.720380107869,12.123125077341747,0,False,True
GRDC_6854101,22353.2931995445,84.35208482414593,7,True,False
GRDC_6854102,7723.16178421141,49.58183889804145,1,True,False
GRDC_6854103,7718.83300685131,49.56794181608237,2,True,False
GRDC_6854104,6239.09472070549,44.56417317125556,0,False,True
GRDC_6854105,2641.08183816267,28.994524643588075,1,True,False
GRDC_6854106,800.24166899997,15.960101333603967,0,False,True
GRDC_6854107,584.251745211013,13.637195698559093,0,False,True
GRDC_6854108,453.749606315413,12.018027522942312,0,False,True
GRDC_6854109,107.437924841616,5.84795294339459,0,False,True
GRDC_6854110,11.4970267364831,1.9130126167754185,0,False,True
GRDC_6854115,1157.89807252939,19.198187510264106,0,False,True
GRDC_6854116,4210.64598238366,36.609974643705755,0,False,True
GRDC_6854130,470.373053064736,12.236191931518492,0,False,True
GRDC_6854140,472.591745755792,12.265016298518526,0,False,True
GRDC_6854150,1216.13860326085,19.675084253636,1,True,False
GRDC_6854151,100.54547212897,5.657262393567046,0,False,True
GRDC_6854180,1085.57197703329,18.588929298208093,1,True,False
GRDC_6854200,4807.55250307755,39.11894029849496,0,False,True
GRDC_6854203,26517.7327643617,91.87413399905411,4,True,False
GRDC_6854205,1464.95594922203,21.594211295185833,0,False,True
GRDC_6854220,1421.97711028664,21.275088064008006,0,False,True
GRDC_6854221,20.6650253597613,2.5647381679716874,0,False,True
GRDC_6854250,15513.1981091056,70.27093513292675,0,False,True
GRDC_6854260,5158.16147679736,40.52028865391979,1,True,False
GRDC_6854271,2373.57306446424,27.486938207056156,0,False,True
GRDC_6854272,428.648921879362,11.680889929120312,0,False,True
GRDC_6854273,31.2375749022412,3.153288586823292,0,False,True
GRDC_6854280,2207.00570014131,26.50493790256747,0,False,True
GRDC_6854300,327.155516228182,10.204745716331784,0,False,True
GRDC_6854301,955.811217612952,17.44259613393514,0,False,True
GRDC_6854310,585.895861117166,13.656370120488061,0,False,True
GRDC_6854320,3645.68890691848,34.06550779047231,0,False,True
GRDC_6854330,52.0819964217145,4.071635341385638,0,False,True
GRDC_6854340,1105.57579437285,18.75941644279949,1,True,False
GRDC_6854350,321.929466122601,10.122911227541888,0,False,True
GRDC_6854400,3848.27905566097,34.99921810856507,0,False,True
GRDC_6854420,18.818237006557,2.4474539586551485,0,False,True
GRDC_6854500,25804.1936956256,90.62963068621141,5,True,False
GRDC_6854520,2102.93588377913,25.872481168561013,1,True,False
GRDC_6854560,437.786073203239,11.804729354549881,0,False,True
GRDC_6854570,464.360046378669,12.157729784424964,0,False,True
GRDC_6854580,348.724287448626,10.535767093443916,0,False,True
GRDC_6854590,2108.67630600249,25.907769393795924,0,False,True
GRDC_6854591,20767.9903595454,81.30594472492746,0,False,True
GRDC_6854592,2643.34377628484,29.006938076499196,1,True,False
GRDC_6854593,202.159444189185,8.021804639283973,0,False,True
GRDC_6854600,16407.8774619819,72.26887025158926,2,True,False
GRDC_6854601,1282.426217434,20.204181332351126,0,False,True
GRDC_6854602,7820.60297650472,49.893639307429076,0,False,True
GRDC_6854610,1259.75905974858,20.024828661628284,0,False,True
GRDC_6854620,2215.35287879436,26.555013136994788,1,True,False
GRDC_6854630,724.163342622631,15.18250147929132,0,False,True
GRDC_6854650,743.972076553445,15.388751314243969,0,False,True
GRDC_6854660,961.524066749844,17.494645359369777,0,False,True
GRDC_6854700,53527.6552708821,130.53115282169105,9,True,False
GRDC_6854701,28729.2964608148,95.628547445741,4,True,False
GRDC_6854702,49708.2788604227,125.78806217782862,9,True,False
GRDC_6854703,30772.0117669079,98.96987199734433,3,True,False
GRDC_6854704,7662.78724784978,49.387659761459304,0,False,True
GRDC_6854705,10968.7862912662,59.08868856174816,1,True,False
GRDC_6854707,4388.34330693114,37.37449743561311,0,False,True
GRDC_6854708,3216.67035784392,31.998405827416956,1,True,False
GRDC_6854709,2832.09073746234,30.024697838676165,0,False,True
GRDC_6854710,13152.4927967008,64.70369761575422,4,True,False
GRDC_6854712,1009.13143833025,17.92251414504636,0,False,True
GRDC_6854713,362.042491115924,10.735068893156011,0,False,True
GRDC_6854714,373.967793727257,10.910437473251312,0,False,True
GRDC_6854720,3979.42549896772,35.590595354015775,1,True,False
GRDC_6854722,553.166590548242,13.269453435544602,0,False,True
GRDC_6854730,426.498269834105,11.651549928163103,0,False,True
GRDC_6854800,3829.2556618835,34.9126042268802,2,True,False
GRDC_6854801,16.7897191942499,2.31178147881228,0,False,True
GRDC_6854810,374.379520108928,10.916441839510485,0,False,True
GRDC_6854820,679.422761235221,14.706018557021475,0,False,True
GRDC_6854900,4354.54088878034,37.23027551187786,2,True,False
GRDC_6854901,65.8246101793488,4.5774036499178115,0,False,True
GRDC_6854940,12.8192116547948,2.020020248117245,0,False,True
GRDC_6854950,615.567348267885,13.997898862529631,1,True,False
GRDC_6854954,12.0307687395388,1.9569140574348436,0,False,True
GRDC_6855400,68117.6381467154,147.24984769292502,6,True,False
GRDC_6855401,20211.4763358429,80.20918109586042,4,True,False
GRDC_6855402,16381.5709434814,72.21091318167399,0,False,True
GRDC_6855403,3.2016301053427,1.0095100368169863,0,False,True
GRDC_6855404,5.0133837488676,1.263253581232886,0,False,True
GRDC_6855408,142.715440845599,6.7400100691491645,0,False,True
GRDC_6855409,497.671770066224,12.586256174361994,0,False,True
GRDC_6855410,3789.42565662753,34.730557862825144,0,False,True
GRDC_6855411,125.746090661126,6.3266281545859515,0,False,True
GRDC_6855412,773.579845962005,15.691976061740604,0,False,True
GRDC_6855440,5327.33681841824,41.179412044532974,1,True,False
GRDC_6855460,4349.34149417844,37.208042087516205,1,True,False
GRDC_6855470,6120.8314662548,44.13979120219906,1,True,False
GRDC_6855480,6122.24066666837,44.14487206683222,1,True,False
GRDC_6855662,1506.92221113843,21.901329583276443,0,False,True
GRDC_6870600,883.038554246958,16.765437712694776,0,False,True
GRDC_6870630,18.043260414028,2.396528357598497,0,False,True
GRDC_6870640,1940.83225293778,24.855303126987906,0,False,True
GRDC_6871100,1587.22341342312,22.477297526058624,0,False,True
GRDC_6935051,34667.663447881,105.0478938691917,23,True,False
GRDC_6935053,34234.1047430798,104.3889552796353,27,True,False
GRDC_6935054,14690.9954487031,68.38339776000656,17,True,False
GRDC_6935055,11850.3928167405,61.41740135116333,12,True,False
GRDC_6935065,131.816709564908,6.4775428843603695,0,False,True
GRDC_6935100,58.0776946293289,4.299616769815495,1,True,False
GRDC_6935101,9.93608838833894,1.7784136650409128,0,False,True
GRDC_6935102,8.76948701380956,1.6707526487352793,0,False,True
GRDC_6935200,55.9078546383932,4.218533257748106,1,True,False
GRDC_6935210,27.7280380962778,2.9708767477843976,0,False,True
GRDC_6935300,17351.2418709146,74.31737229664576,19,True,False
GRDC_6935301,11480.6261656756,60.4516071590727,10,True,False
GRDC_6935302,9902.58759777677,56.14349055031528,6,True,False
GRDC_6935310,3396.8125654161,32.88219915220496,1,True,False
GRDC_6935313,473.039766481206,12.270828587713202,1,True,False
GRDC_6935314,472.747468759604,12.267036845731926,0,False,True
GRDC_6935320,444.301188262227,11.892243718788832,0,False,True
GRDC_6935330,346.999189394934,10.509675184427397,0,False,True
GRDC_6935331,35.5216487475173,3.3625722252291954,0,False,True
GRDC_6935335,42.3984777875538,3.673670458672393,0,False,True
GRDC_6935350,345.09430669024,10.480788590809588,0,False,True
GRDC_6935361,62.5611120024561,4.462490385539579,0,False,True
GRDC_6935387,30.1586634183822,3.0983545181532226,0,False,True
GRDC_6935390,389.610484626277,11.136286141142467,0,False,True
GRDC_6935400,1719.77203356273,23.397017764352338,2,True,False
GRDC_6935401,1089.19868797004,18.619954629356045,3,True,False
GRDC_6935402,489.584073728942,12.483567230005056,2,True,False
GRDC_6935404,76.8736795022824,4.94668092491326,0,False,True
GRDC_6935410,281.393980627825,9.464168529059844,2,True,False
GRDC_6935412,87.6575752194436,5.282260197230743,0,False,True
GRDC_6935420,65.6536312537267,4.5714548988179144,0,False,True
GRDC_6935430,90.3859711799112,5.36383707795911,0,False,True
GRDC_6935440,15.9904035030145,2.256081452225835,0,False,True
GRDC_6935450,3.48750736318512,1.0536166626627483,0,False,True
GRDC_6935460,71.2756876475439,4.763166596158601,0,False,True
GRDC_6935500,6341.70220825682,44.92912761362858,26,True,False
GRDC_6935510,56.1407198164837,4.227309562246537,0,False,True
GRDC_6935541,107.782719666647,5.857329189115959,0,False,True
GRDC_6935545,63.6449637676579,4.500980023623152,0,False,True
GRDC_6935560,352.940731885007,10.599269984104582,0,False,True
GRDC_6935580,22.3344567308021,2.666323007431473,0,False,True
GRDC_6935590,317.344042342565,10.050559486872654,0,False,True
GRDC_6939205,133.503063067648,6.5188453586697745,0,False,True
GRDC_6939550,72.0967126953618,4.790521517777169,0,False,True
GRDC_6948100,1533.20820364084,22.091521649650346,1,True,False
GRDC_6948110,163.099016548741,7.2052778846008385,0,False,True
GRDC_6948111,15.3901195081799,2.2133294352634634,0,False,True
GRDC_6948150,72.5233270038407,4.804673970652157,0,False,True
GRDC_6948360,25.4796757256359,2.8478821394550473,0,False,True
lamah_10026301,7552.368215689618,49.03053606839559,7,True,False
lamah_10035801,11267.718346337932,59.88844750345293,10,True,False
lamah_10039802,14980.750354518772,69.05447806112687,8,True,False
lamah_10046105,20101.53124801481,79.99072523533904,11,True,False
lamah_10053009,22927.983559845165,85.42952555971581,13,True,False
lamah_10062000,35218.72646688698,105.87950138347296,19,True,False
lamah_10078000,37504.20227834277,109.26096447786442,40,True,False
lamah_10088003,47398.46251812284,122.83077468383219,69,True,False
lamah_1109,29.743832246154025,3.076971864827992,0,False,True
lamah_1139,158.8534947282228,7.110881649052949,2,True,False
lamah_11401009,398.26921981239695,11.259353002237349,1,True,False
lamah_11402001,945.0161917897666,17.34381723988234,2,True,False
lamah_11405000,2227.188754183216,26.625855833266243,1,True,False
lamah_11412107,81.350077008204,5.0886671883238765,0,False,True
lamah_11425200,125.9883452402984,6.332719465910637,0,False,True
lamah_1156,131.13988198575177,6.460891649690496,0,False,True
lamah_11582300,312.9088842982391,9.980079726478612,0,False,True
lamah_11584000,593.6499292600943,13.746441045441397,0,False,True
lamah_11609000,944.310400929374,17.337339364562222,1,True,False
lamah_1162,59.46063862872767,4.350506765231588,0,False,True
lamah_1166,9.741664357825393,1.760928185071751,0,False,True
lamah_1169,30.107434539205062,3.095721896660017,0,False,True
lamah_1175,18.96796297821459,2.4571711655344326,0,False,True
lamah_11805008,582.3486639064197,13.614967386201666,0,False,True
lamah_11809009,1562.3314360978954,22.300348463772476,2,True,False
lamah_1181,299.58207544063833,9.765241232873532,0,False,True
lamah_11864007,403.8731649934038,11.338290046640088,0,False,True
lamah_11924007,510.5862466527228,12.7485156021804,0,False,True
lamah_12002009,1697.7299938716608,23.24659633408934,5,True,False
lamah_12003001,2292.8298753301924,27.01537370933722,2,True,False
lamah_12003500,2626.7238981984483,28.915604525442504,1,True,False
lamah_12006000,3966.059978934725,35.53077680677415,2,True,False
lamah_12183005,112.89255365563352,5.994565530972381,0,False,True
lamah_12402007,59.54021780801337,4.353417043407034,1,True,False
lamah_12405005,445.2976067878622,11.905571407310058,2,True,False
lamah_12406008,659.7822376231222,14.491901495797672,0,False,True
lamah_12425002,110.84446308647236,5.939940103162523,0,False,True
lamah_12445000,93.19243431788443,5.446473460957667,0,False,True
lamah_13201000,152.6730973963962,6.971180406184713,0,False,True
lamah_13322005,371.58152908875815,10.875572363431798,0,False,True
lamah_13407902,2219.679358704609,26.58093083459971,1,True,False
lamah_13465002,299.9037645983658,9.770482750376061,0,False,True
lamah_139,16.758588631766063,2.309637296195752,0,False,True
lamah_14002305,1989.2042093444727,25.16313504857367,3,True,False
lamah_14006000,3976.271105868004,35.57648666106225,4,True,False
lamah_14008006,5367.484298440431,41.334287415290675,4,True,False
lamah_14101205,581.3412812178898,13.603186283308979,1,True,False
lamah_14124007,177.82042263410636,7.523429968426366,0,False,True
lamah_14209008,710.009494169827,15.033397529454492,0,False,True
lamah_144,308.84778018664883,9.915104727602658,0,False,True
lamah_14405200,397.1904204937487,11.244093451259515,0,False,True
lamah_14408004,819.1113364311527,16.147174250352688,0,False,True
lamah_14604002,417.5440045196731,11.52858987714375,0,False,True
lamah_14608003,1076.3850734158532,18.510105623926933,0,False,True
lamah_15202300,1343.8805947846486,20.682612967671815,2,True,False
lamah_15205501,2167.208662900346,26.264880407577234,2,True,False
lamah_15207507,2608.3068296816487,28.814056467085113,3,True,False
lamah_15210206,295.768567913104,9.70288921863807,0,False,True
lamah_15212700,833.0474923248573,16.283956904500133,2,True,False
lamah_15228008,232.942390770346,8.610915508439792,0,False,True
lamah_15243001,282.76380714242373,9.487176359085996,0,False,True
lamah_15408000,403.5555462878679,11.33383077373792,0,False,True
lamah_16000708,403.989663619776,11.339925213432352,1,True,False
lamah_16007004,8027.402968053077,50.54900320592285,3,True,False
lamah_16008506,8921.107093713093,53.288615891513096,8,True,False
lamah_16404900,650.9992388740744,14.39512047993142,0,False,True
lamah_16407002,697.8863870921883,14.904500543276562,1,True,False
lamah_16408504,959.2235608418508,17.47370431466608,0,False,True
lamah_16425004,95.09486567546386,5.501784789486023,0,False,True
lamah_16602303,998.591692611604,17.8286737594045,0,False,True
lamah_16605006,1254.2009199534882,19.980604397314924,1,True,False
lamah_16607001,3119.87791338661,31.513298518520944,1,True,False
lamah_16610709,111.66887559814054,5.961988517425708,0,False,True
lamah_16612001,294.2584986360175,9.678088096801137,1,True,False
lamah_16613004,609.5542526652287,13.929362684226243,1,True,False
lamah_16618008,114.22622802884302,6.029870449940425,0,False,True
lamah_16825002,133.3180454145631,6.514326662223427,0,False,True
lamah_17095,60.54992024714185,4.390175192666613,0,False,True
lamah_17345002,212.51460369549733,8.224688402286565,0,False,True
lamah_17404000,361.5056593523268,10.727107032338,0,False,True
lamah_17406005,759.221115415559,15.545661350880419,2,True,False
lamah_17464001,377.51987013010097,10.962130581836355,1,True,False
lamah_177,135.9404154383551,6.578083168063477,0,False,True
lamah_18000403,9693.243548806313,55.546874356459526,26,True,False
lamah_18001508,10137.018244518287,56.804164668232076,20,True,False
lamah_18003004,11891.119131517957,61.522847604376835,16,True,False
lamah_18005000,13259.729146902013,64.96693678770973,23,True,False
lamah_18008008,25920.23267829393,90.83317848498484,51,True,False
lamah_18212004,96.18540066175838,5.533241720473327,1,True,False
lamah_18346000,245.15989222431804,8.833844994720764,0,False,True
lamah_18403002,1407.5658367171088,21.167005486880164,2,True,False
lamah_18454003,939.0120362786332,17.288632519463803,1,True,False
lamah_18481006,271.5582289251006,9.297293635323161,1,True,False
lamah_18486000,180.9960561816676,7.590311854127049,1,True,False
lamah_18487501,89.24986422850867,5.330020086687795,0,False,True
lamah_185,266.6878408842947,9.213543090390402,0,False,True
lamah_18606000,6665.422135803314,46.06158661416769,12,True,False
lamah_18620500,361.7295142605941,10.730427788005825,1,True,False
lamah_18642003,951.4952607164532,17.4031706347743,3,True,False
lamah_18666001,117.55591445066442,6.1171243038720755,0,False,True
lamah_200014,4656.10077566928,38.49782991239309,20,True,False
lamah_200048,102.01024644063966,5.698321676958966,0,False,True
lamah_200097,72.25136887824856,4.795656889755393,0,False,True
lamah_200105,95.0830533449633,5.501443073252923,0,False,True
lamah_200147,1278.317147621096,20.17178687588333,5,True,False
lamah_200154,33.28137414216626,3.2548103501176677,0,False,True
lamah_200162,35.61305386022369,3.3668957692368515,1,True,False
lamah_200196,6289.1216285714645,44.742480818419075,22,True,False
lamah_200212,116.0721498480785,6.078397223549129,1,True,False
lamah_200220,76.38579895796123,4.9309588289060535,1,True,False
lamah_200246,40.61920649922903,3.5957606980506203,0,False,True
lamah_200253,146.98837344991836,6.840164648835877,0,False,True
lamah_200261,226.9850019165773,8.500092359821346,2,True,False
lamah_200287,31.06627880688937,3.144630927656672,0,False,True
lamah_200303,202.13211082800208,8.021262319096085,1,True,False
lamah_200311,83.86617951249498,5.166762434570766,0,False,True
lamah_200329,826.1976982597973,16.216870699934248,6,True,False
lamah_200345,6.789456591996404,1.4700854244050456,0,False,True
lamah_200360,25.373134631466296,2.841921813961115,0,False,True
lamah_200378,84.04089380037712,5.1721414656196405,1,True,False
lamah_200394,104.78730567692338,5.775364520402809,1,True,False
lamah_200410,194.2183783309024,7.862673203262993,2,True,False
lamah_200428,17.551190588820578,2.3636238022827354,0,False,True
lamah_200493,14.00063012886933,2.1110516295964312,0,False,True
lamah_200527,25.400998458771944,2.8434818319036856,0,False,True
lamah_200576,8.217757617871113,1.6173414889968454,0,False,True
lamah_200592,66.10516532941473,4.587148095730797,0,False,True
lamah_201012,247.0634672700052,8.868074432868054,0,False,True
lamah_201053,64.0839644879266,4.516476441027674,0,False,True
lamah_201087,1010.1541145760492,17.93159338259682,1,True,False
lamah_201095,202.0298553475713,8.019233146717529,1,True,False
lamah_201111,198.4114645695675,7.947095740249909,1,True,False
lamah_201152,86.7255047053858,5.254101781656229,0,False,True
lamah_201160,108.49693925806824,5.876703870923339,0,False,True
lamah_201178,2151.721439563813,26.170865605225586,3,True,False
lamah_201194,2454.366999074503,27.95083684129434,5,True,False
lamah_201251,130.1329154266968,6.436038649529438,0,False,True
lamah_201319,3829.6610867591926,34.9144523750382,7,True,False
lamah_201335,172.3268256991811,7.406303549998492,0,False,True
lamah_201350,97.6811693833016,5.576099165967039,0,False,True
lamah_201376,72.42999609385184,4.801581386681515,0,False,True
lamah_201392,515.2632163635793,12.806770699726956,2,True,False
lamah_201434,782.9213102920137,15.786437000473386,3,True,False
lamah_201459,5091.08953677091,40.2559825491943,10,True,False
lamah_201525,5749.858371478595,42.78126650530893,16,True,False
lamah_201558,109.11687868474424,5.8934693716750095,1,True,False
lamah_201566,111.5897919603458,5.959877010322491,1,True,False
lamah_201574,341.47331737963333,10.425657427227911,2,True,False
lamah_201582,61.5926815713092,4.427816556805158,0,False,True
lamah_201624,851.7888051744385,16.46611057984558,0,False,True
lamah_201640,58.12247662710445,4.301274104250234,1,True,False
lamah_201657,74.04853736668021,4.854933727793218,1,True,False
lamah_201665,72.97744573603826,4.819693190050804,0,False,True
lamah_201681,7204.316390195942,47.88742141935906,24,True,False
lamah_201723,129.05782383296096,6.40939788243775,0,False,True
lamah_201749,610.1639621430497,13.936327397962668,2,True,False
lamah_201756,695.0407143890318,14.87408251591584,2,True,False
lamah_201772,197.1076989427728,7.920942444963408,1,True,False
lamah_201780,1092.147030997304,18.64513869974468,3,True,False
lamah_201806,8477.25628717652,51.946072844075346,27,True,False
lamah_201822,271.37033960024354,9.294076711099933,2,True,False
lamah_201830,3.9608209738066895,1.1228394690991133,0,False,True
lamah_201848,133.48293613185848,6.518353949242867,1,True,False
lamah_201863,320.3301258423676,10.09773469141091,1,True,False
lamah_201889,9278.986800261706,54.34697077383614,27,True,False
lamah_201913,152.7946445458935,6.973954825986193,0,False,True
lamah_201921,147.20155723182384,6.845123149260252,0,False,True
lamah_201939,332.38771157868587,10.286024238815605,2,True,False
lamah_201947,166.94082386724193,7.289644342806446,1,True,False
lamah_201996,23.92490522073565,2.75962567348732,0,False,True
lamah_202036,725.438590567557,15.195863752906202,0,False,True
lamah_202093,8.976755718282659,1.690381640632152,0,False,True
lamah_202127,46.293351974650506,3.838701811565619,0,False,True
lamah_202218,81.82465233587294,5.103488588412827,0,False,True
lamah_202226,66.33195330091225,4.595009957068852,1,True,False
lamah_202259,6.193507402077251,1.4040849818417953,0,False,True
lamah_202275,21.562846940809475,2.619860178621669,0,False,True
lamah_202382,686.9910665319928,14.787699219184828,2,True,False
lamah_202523,158.0999737213767,7.093996380102806,1,True,False
lamah_202549,47.19332378524613,3.875835590258761,0,False,True
lamah_203026,206.0344289947341,8.09832054461023,2,True,False
lamah_203034,80.66145644484006,5.067083877377187,1,True,False
lamah_203042,40.51284515214427,3.591049864504889,0,False,True
lamah_203067,31.53590426496692,3.168310290562548,0,False,True
lamah_203075,589.1386552436223,13.69411035069708,4,True,False
lamah_203083,73.92028576844645,4.850727548484605,0,False,True
lamah_203125,1163.8945135133715,19.247834426926573,6,True,False
lamah_203133,61.28375774852171,4.416698535540653,0,False,True
lamah_203141,162.4200774409984,7.190265388996895,0,False,True
lamah_203158,95.77797836942472,5.521510426838398,0,False,True
lamah_203166,240.96171705088287,8.757881977345738,0,False,True
lamah_203208,222.24063612686925,8.410790188261563,0,False,True
lamah_203224,143.59033355930237,6.7606377459788565,0,False,True
lamah_203265,170.8247557405033,7.373954743360814,0,False,True
lamah_2033,771.9936947908058,15.675880361991329,0,False,True
lamah_203307,394.23992925367446,11.202252764950575,1,True,False
lamah_203315,65.94898655299005,4.581726137998495,0,False,True
lamah_203323,3547.3083716920023,33.602727925751644,12,True,False
lamah_203364,426.214607393768,11.64767458205196,2,True,False
lamah_203422,26.409208537827816,2.8993640964666656,0,False,True
lamah_203430,30.09291765219145,3.094975475315959,0,False,True
lamah_203455,159.72070493130954,7.13026503068995,1,True,False
lamah_203463,150.50601924141486,6.921528288948198,0,False,True
lamah_203471,119.76512808518882,6.174335939158442,0,False,True
lamah_203505,115.91636116937474,6.074316729531219,0,False,True
lamah_203521,1142.228614618739,19.06784361995765,5,True,False
lamah_203539,6098.704183589304,44.05993457265818,21,True,False
lamah_203596,45.56299669384673,3.808300446631119,0,False,True
lamah_203661,34.63215865507382,3.3202045840272447,0,False,True
lamah_203711,133.80834009835178,6.526294316620137,1,True,False
lamah_203737,86.93914841335935,5.260569402295925,0,False,True
lamah_203745,76.21187595902546,4.925341974154746,0,False,True
lamah_203752,289.07695674850856,9.592499841072417,2,True,False
lamah_203760,103.31325085079092,5.7345992989565255,1,True,False
lamah_203778,76.32695127264034,4.929059055473964,0,False,True
lamah_203786,378.0832826657629,10.970307501311572,3,True,False
lamah_203794,364.2305572000117,10.767459645013506,3,True,False
lamah_203810,86.22950999721323,5.239055784480347,0,False,True
lamah_203828,160.5198782598818,7.148081153648083,0,False,True
lamah_203844,40.63734852719988,3.5965636077378127,0,False,True
lamah_203919,58.39254558858591,4.311255564250928,0,False,True
lamah_203968,2139.686921670436,26.097576525529377,6,True,False
lamah_203976,953.8611231597138,17.424793414790066,2,True,False
lamah_203984,11.320773681700098,1.8982924385179463,0,False,True
lamah_203992,47.93588066197741,3.9062084836365045,0,False,True
lamah_204008,72.3173930441095,4.797847553745216,1,True,False
lamah_204057,119.91986788230024,6.178323356444708,0,False,True
lamah_204297,4393.861576096623,37.397988959229444,17,True,False
lamah_204586,67.20732745147131,4.625230453911954,1,True,False
lamah_204685,23.42946730628916,2.7309029773340074,0,False,True
lamah_204693,29.93703092293816,3.086948801933888,0,False,True
lamah_204719,313.4088154079064,9.988049076846156,1,True,False
lamah_204735,68.29243580728517,4.662419701081272,1,True,False
lamah_204750,162.22357757000765,7.18591459124282,2,True,False
lamah_204768,67.79039487713781,4.645250572110827,0,False,True
lamah_204784,59.45578099508829,4.350329054395189,0,False,True
lamah_204834,80.94982656891722,5.076133379034641,1,True,False
lamah_204867,340.96146936113576,10.417840779422631,1,True,False
lamah_204875,133.81007164632396,6.526336543267307,0,False,True
lamah_204883,200.0283320283616,7.9794107302156885,1,True,False
lamah_204891,122.89628672832715,6.2545266040608,0,False,True
lamah_204917,252.6339479756822,8.967490352729747,2,True,False
lamah_204925,137.67252840631832,6.6198585217246055,0,False,True
lamah_204933,450.1350803038599,11.970064585408599,2,True,False
lamah_204974,53.4760417947568,4.125766932007753,0,False,True
lamah_205013,135.9424881712994,6.578133317085298,0,False,True
lamah_205021,183.37178509389992,7.639964138826687,1,True,False
lamah_205047,26.05056653900332,2.879609846846168,0,False,True
lamah_205054,311.8264130279525,9.962802318626386,3,True,False
lamah_205088,227.1370532506162,8.502938878312913,0,False,True
lamah_205096,27.53587740718089,2.960564473787146,0,False,True
lamah_205104,328.1029342091774,10.21951112552313,2,True,False
lamah_205146,641.7491004181571,14.292483448045466,2,True,False
lamah_205153,746.9649763864081,15.419673687106206,3,True,False
lamah_205179,124.03586859709004,6.283457902767181,0,False,True
lamah_205187,251.1408282234174,8.940951204871824,0,False,True
lamah_205203,1250.9154146731205,19.954416635676182,5,True,False
lamah_205229,38.32392402105449,3.492690065444985,0,False,True
lamah_205278,37.44564726574591,3.452436779904587,0,False,True
lamah_205294,109.61464006017228,5.906896274832547,1,True,False
lamah_205369,466.36558201197664,12.183955652015054,3,True,False
lamah_205377,97.74248359289662,5.577848942717609,0,False,True
lamah_205385,58.31925833147972,4.308549231680705,0,False,True
lamah_205393,329.3123404721136,10.238328653378744,1,True,False
lamah_205401,54.5513998806723,4.167043302772753,0,False,True
lamah_205419,441.4011019041521,11.85336806601864,2,True,False
lamah_205427,952.3274069840124,17.41077909017243,3,True,False
lamah_205435,80.52717476126138,5.062864390141152,0,False,True
lamah_205450,1256.305070170926,19.997357922941386,4,True,False
lamah_205468,2763.164556283824,29.65708339364794,11,True,False
lamah_205500,312.9718713312276,9.981084146633123,1,True,False
lamah_205518,433.4880926934961,11.746639751320172,0,False,True
lamah_205583,20.93420411450993,2.581388023726363,0,False,True
lamah_205633,38.52802179595538,3.5019780457274665,0,False,True
lamah_205641,144.6315186843231,6.785104439210622,0,False,True
lamah_205658,361.9786536605994,10.73412241627918,1,True,False
lamah_205690,85.3240139015139,5.211475525581508,0,False,True
lamah_205732,87.04595870168767,5.263799882888136,0,False,True
lamah_205740,168.51057592759844,7.323836579572136,1,True,False
lamah_205757,4987.623446216478,39.8448221415628,19,True,False
lamah_205765,25.20243290158348,2.8323459443467813,0,False,True
lamah_205781,83.42363808721605,5.153112529780374,1,True,False
lamah_205799,185.9445297554336,7.693372609132522,1,True,False
lamah_205807,41.385950431704046,3.6295395261002072,0,False,True
lamah_205815,68.23014450549769,4.66029285902169,0,False,True
lamah_205823,148.12948392781146,6.866664340822647,1,True,False
lamah_205831,232.667406392068,8.605831490758863,1,True,False
lamah_205856,71.65165333331962,4.775712472229603,0,False,True
lamah_205864,540.9557772297655,13.122178625535879,4,True,False
lamah_205872,43.55150898954669,3.723288314057205,0,False,True
lamah_205898,130.53886394403787,6.446069416674632,2,True,False
lamah_205914,899.3648933078258,16.919714442818208,2,True,False
lamah_205922,5908.979782987756,43.369190471867846,22,True,False
lamah_205971,266.55964206254515,9.21132831496743,0,False,True
lamah_205989,600.7089820537454,13.827928539991392,2,True,False
lamah_205997,78.74964791645762,5.0066746913796205,0,False,True
lamah_206003,37.3508066573943,3.448061921716017,0,False,True
lamah_206029,301.43629255254524,9.795414844408812,1,True,False
lamah_206037,87.72970492449227,5.284433024407885,0,False,True
lamah_206086,31.199905446600457,3.151386734701475,0,False,True
lamah_206102,14.160336386772489,2.1230579510691037,0,False,True
lamah_206151,56.11503622026864,4.226342484048471,0,False,True
lamah_206169,101.6651024239422,5.688673587175526,1,True,False
lamah_206177,47.85555564674046,3.9029343411305315,0,False,True
lamah_206185,245.77266759740303,8.844878170445085,0,False,True
lamah_206268,39.13882361659503,3.529628095248255,0,False,True
lamah_206409,3410.2481866734724,32.947165464702906,15,True,False
lamah_206508,169.73010013767254,7.35029039268422,0,False,True
lamah_206540,24.652232217744828,2.8012585084934116,0,False,True
lamah_206557,93.827829599359,5.4650092187153785,0,False,True
lamah_206573,106.33180970730854,5.817771587614099,0,False,True
lamah_206599,71.06025431156131,4.755962727156753,0,False,True
lamah_206656,59.38435940942954,4.3477153408097955,1,True,False
lamah_206664,28.32590158028152,3.0027345050924277,0,False,True
lamah_206680,101.1548244883151,5.674379320226742,0,False,True
lamah_206698,11.767672513336848,1.935398279003155,0,False,True
lamah_2067,1936.8184634239128,24.829588491377176,2,True,False
lamah_206748,191.7517064164672,7.8125836856300825,0,False,True
lamah_206763,93.19350305066756,5.446504691003831,0,False,True
lamah_206771,43.90321783543688,3.7382921598371737,0,False,True
lamah_206805,54.09094541914352,4.149419559401196,0,False,True
lamah_207134,94400.7998895742,173.34563123571695,134,True,False
lamah_207241,101101.23147762156,179.39208869033996,77,True,False
lamah_207274,103638.85273107103,181.62948939268057,58,True,False
lamah_207308,24096.84083923089,87.58003576686015,7,True,False
lamah_207324,25533.57327342266,90.15314083562838,11,True,False
lamah_207357,95553.28200571556,174.40055710841918,119,True,False
lamah_207373,103579.39877574178,181.57738470220303,64,True,False
lamah_207407,130852.58360314436,204.0874101790011,70,True,False
lamah_207613,164.64269856767925,7.239295452049885,0,False,True
lamah_207654,505.61428716311775,12.686292846997915,0,False,True
lamah_207688,1113.7180797850565,18.828368894230092,5,True,False
lamah_207696,156.09779770745894,7.048934119553228,0,False,True
lamah_207704,27.262223140076458,2.9458165497591398,0,False,True
lamah_207712,35.72131757842212,3.372009568895466,1,True,False
lamah_207720,22.877842716265867,2.698563230896258,0,False,True
lamah_207738,202.15986447221707,8.021812977817543,2,True,False
lamah_207746,51.21515058752329,4.037609286991528,0,False,True
lamah_207787,32.295466428702674,3.206238644139388,0,False,True
lamah_207795,167.85432114941068,7.309561536817811,0,False,True
lamah_207803,597.2963826430196,13.788594691885372,3,True,False
lamah_207829,37.04657520686087,3.4339905558395363,0,False,True
lamah_207845,42.14889140327283,3.662841632578281,0,False,True
lamah_207852,288.70204563808545,9.586277446855298,0,False,True
lamah_207894,342.268311734726,10.437786515952451,2,True,False
lamah_207902,215.70053192026216,8.286109567542645,1,True,False
lamah_207910,727.2607694709876,15.214936501880187,3,True,False
lamah_207951,77.51644820567932,4.967318371689245,0,False,True
lamah_208009,263.88143665652774,9.164936992044982,1,True,False
lamah_208017,201.04442536281687,7.999651752115453,1,True,False
lamah_208082,200.0522619006552,7.979888014026728,0,False,True
lamah_208090,179.87411148356202,7.566750158009917,0,False,True
lamah_208108,58.961573936975256,4.332210970058562,0,False,True
lamah_208116,186.04859155801347,7.69552506353438,0,False,True
lamah_208157,1116.9106971702388,18.855336562727196,3,True,False
lamah_208272,49.79158519003935,3.9810995735791317,0,False,True
lamah_208439,545.2917461586464,13.174663322328932,0,False,True
lamah_208462,269.65351922993847,9.264630646449989,0,False,True
lamah_208579,288.64210738571046,9.585282278044554,1,True,False
lamah_208629,1401.0072288040517,21.117633663440742,2,True,False
lamah_208686,128.1789451850701,6.387536728114994,1,True,False
lamah_208694,79.68730228779651,5.036393165899763,0,False,True
lamah_208702,251.07128226197813,8.939713154281218,1,True,False
lamah_208710,469.4909163525899,12.224712681634546,0,False,True
lamah_208819,96.10983330548169,5.5310677179556365,0,False,True
lamah_209171,2380.0485278112305,27.524406914582038,1,True,False
lamah_209361,102.5627513529682,5.713732379964933,0,False,True
lamah_209403,17.894213909946533,2.3866095602388517,0,False,True
lamah_209445,90.57871460230854,5.369553085288839,0,False,True
lamah_209478,56.50582740481221,4.241033304508076,0,False,True
lamah_209486,53.77133901997158,4.137142589202984,0,False,True
lamah_209510,87.06439694527491,5.264357347512688,0,False,True
lamah_209536,51.43200472862856,4.046148238927232,0,False,True
lamah_209551,117.7418875923504,6.121961028835918,0,False,True
lamah_209569,67.89907082672124,4.648972521626556,0,False,True
lamah_209601,621.5385647319724,14.065627245120309,1,True,False
lamah_209627,22.7851595685211,2.69309144830536,0,False,True
lamah_209734,155.95739932213047,7.045763409861798,0,False,True
lamah_209742,584.8024980081277,13.643621827834558,1,True,False
lamah_209759,113.44130827467563,6.0091172334588645,0,False,True
lamah_210310,264.4358970328302,9.174560495600254,0,False,True
lamah_210468,987.5950150257692,17.73023566759708,0,False,True
lamah_2105,154.9171819127914,7.0222268934131025,0,False,True
lamah_210526,122.26648530502536,6.238479864641285,2,True,False
lamah_210542,53.70401182747887,4.134551716016834,1,True,False
lamah_210559,10.994668909694338,1.870751669589865,0,False,True
lamah_210583,56.30761762650044,4.233588472911811,0,False,True
lamah_210625,62.87396605081797,4.473634426007492,0,False,True
lamah_210641,650.0454678098139,14.384571556804563,2,True,False
lamah_210740,1495.2414800908837,21.816281657170908,4,True,False
lamah_210773,157.92610449532629,7.090094523160939,0,False,True
lamah_210799,2115.590340983733,25.950208489529693,5,True,False
lamah_210815,366.4865791363522,10.800754663114011,0,False,True
lamah_210823,2634.0072727091288,28.955665338294676,7,True,False
lamah_210856,250.78987483650383,8.934701814568555,0,False,True
lamah_210864,280.4959087044024,9.449053961890431,1,True,False
lamah_210880,54.25402588288056,4.155669958477471,0,False,True
lamah_210898,592.0604841906605,13.728026272434402,0,False,True
lamah_210955,81.87672925404566,5.1051123758401555,0,False,True
lamah_210963,94.99551909078642,5.498910152908333,0,False,True
lamah_210971,497.96409510975207,12.589952122148818,1,True,False
lamah_210989,689.1851506160046,14.811294570433034,0,False,True
lamah_211029,408.6057493908918,11.404527591384804,1,True,False
lamah_211086,1693.8704458283637,23.220157381501814,1,True,False
lamah_211102,2357.176102711218,27.39183193890396,3,True,False
lamah_211128,420.0374199889615,11.562960838367456,0,False,True
lamah_211136,2949.336392657053,30.63989117905575,5,True,False
lamah_211169,267.2156778757651,9.222656450890886,0,False,True
lamah_211193,166.54926450306257,7.281090401029498,0,False,True
lamah_211227,230.22390645239068,8.560522499219784,0,False,True
lamah_211243,724.8050695242758,15.189227076639112,0,False,True
lamah_211268,1359.97333790138,20.806079842209062,2,True,False
lamah_211292,6197.239014759598,44.41443960517655,11,True,False
lamah_211342,765.3873453801561,15.608662940638803,1,True,False
lamah_211383,75.5104820309372,4.902625107118715,0,False,True
lamah_211391,70.090632991506,4.723403583230647,1,True,False
lamah_211441,479.1628397704495,12.349990647398633,1,True,False
lamah_211458,1102.5415762921114,18.73365644134746,2,True,False
lamah_211490,9758.922401584476,55.73474211768455,10,True,False
lamah_211508,121.9946152228296,6.23154010551278,0,False,True
lamah_211573,6970.799286658974,47.1049289092603,12,True,False
lamah_211649,117.2237906384,6.108477016093423,0,False,True
lamah_211656,204.78220182260213,8.07367322565253,0,False,True
lamah_211664,84.69095490901452,5.192106337305214,0,False,True
lamah_211722,42.81878318645106,3.6918345036861613,0,False,True
lamah_211730,154.16638546551138,7.005189834036857,0,False,True
lamah_211763,6773.203026707385,46.43250461186575,13,True,False
lamah_211797,212.85158815301548,8.231206764443805,0,False,True
lamah_211870,7278.618178178205,48.13373166368025,12,True,False
lamah_211888,93.5948828290151,5.458221001451757,0,False,True
lamah_211920,198.40085215501227,7.946883204642499,0,False,True
lamah_211961,55.363415191379474,4.197942637568307,0,False,True
lamah_212027,369.019072535989,10.838008072454027,1,True,False
lamah_212043,106.81112365557262,5.830869284589401,1,True,False
lamah_212076,60.28748235102788,4.38065082441673,0,False,True
lamah_212092,516.1612413962566,12.817925963326772,2,True,False
lamah_212100,267.6181534376008,9.22959933916088,0,False,True
lamah_212118,47.11439096812266,3.87259298489807,1,True,False
lamah_212126,13.807788406350944,2.0964626293057154,0,False,True
lamah_212167,1195.115732176751,19.504285495388938,2,True,False
lamah_212183,283.7787097713378,9.504186909394065,2,True,False
lamah_212217,57.9344971812493,4.294312890775265,0,False,True
lamah_212225,62.02802131872546,4.443437003735874,0,False,True
lamah_212233,35.096146939368886,3.3423719927261395,0,False,True
lamah_212316,1872.3481689787388,24.412843598484205,4,True,False
lamah_212324,2101.531892002654,25.863843050772076,3,True,False
lamah_212357,2551.961012492521,28.501130143065655,5,True,False
lamah_212381,85.62068093699264,5.220527674865136,0,False,True
lamah_212399,1044.5379675481952,18.23421952168269,3,True,False
lamah_212431,359.30446915219386,10.694398752672454,1,True,False
lamah_212522,285.3005586013781,9.529637366478148,0,False,True
lamah_212530,1033.1251121389816,18.134330339402535,2,True,False
lamah_212597,165.05772534798453,7.248414017512544,0,False,True
lamah_212613,143.5946611371895,6.7607396224953655,0,False,True
lamah_212647,345.3078097814546,10.4840302188571,0,False,True
lamah_212670,590.9946731641164,13.715664298534595,1,True,False
lamah_212704,74.94984176238177,4.884391016378282,0,False,True
lamah_212753,905.5491537605466,16.977786901341045,1,True,False
lamah_212761,187.63385295415,7.728241092128377,0,False,True
lamah_212787,1304.645184053401,20.378455781689365,2,True,False
lamah_212837,43.54332400918871,3.722938424071607,0,False,True
lamah_212852,196.11984312570647,7.901068595052602,0,False,True
lamah_212860,197.13390078947376,7.921468899343358,0,False,True
lamah_212878,226.7031150285456,8.49481269612504,2,True,False
lamah_212886,428.36718986354526,11.677050631488045,0,False,True
lamah_212936,314.4466171372063,10.004572300294608,0,False,True
lamah_213009,14.013041562794443,2.1119871365474334,0,False,True
lamah_213041,2547.3751409046813,28.475510375914016,5,True,False
lamah_213082,377.16772125655547,10.95701667541735,2,True,False
lamah_213090,950.9194246246929,17.39790371919105,0,False,True
lamah_213124,703.4520132086727,14.963814027854363,2,True,False
lamah_213181,189.4707000978912,7.765976885319894,0,False,True
lamah_213199,3661.4924205499833,34.139262377035585,8,True,False
lamah_213207,56.39936046362468,4.237035993476448,0,False,True
lamah_213215,4776.104102991983,38.99078292911434,12,True,False
lamah_213231,88.44701867534616,5.305992880493249,0,False,True
lamah_213306,142.64829889970133,6.738424429128465,0,False,True
lamah_213314,55.861233171709706,4.216773976984433,0,False,True
lamah_213363,200.21226961626897,7.9830786513821215,1,True,False
lamah_213371,713.7270846593619,15.072703376773863,2,True,False
lamah_213389,27.972866882932745,2.9839638191071702,0,False,True
lamah_213447,15.925891088703072,2.251525833700453,0,False,True
lamah_213462,40.83801988617184,3.6054327704089477,0,False,True
lamah_213538,101.48878901907705,5.683738635932617,0,False,True
lamah_213686,13.646986758993528,2.0842194706908694,0,False,True
lamah_2139,168.28639648922194,7.318963294945843,0,False,True
lamah_2141,526.755788549339,12.94880593335899,0,False,True
lamah_214353,115.54319729195656,6.06453147236569,1,True,False
lamah_2150,609.9039680474683,13.933357910146137,1,True,False
lamah_2187,181.4093865958721,7.598973693861779,1,True,False
lamah_2263,73.35074461468247,4.832004467071184,0,False,True
lamah_230078,5270.893669067991,40.96068314723151,10,True,False
lamah_230300,56.93989240825243,4.257291471321657,0,False,True
lamah_230342,888.8072315255235,16.820110841080076,2,True,False
lamah_230383,12.81930214679578,2.0200273778595648,0,False,True
lamah_2304,55.6635818167897,4.209307353078942,0,False,True
lamah_230755,15.880073266720135,2.248284749341138,0,False,True
lamah_230896,14.87168701501034,2.175730911925668,0,False,True
lamah_230904,12.778094020903453,2.0167780377224345,0,False,True
lamah_230938,33.993234662479075,3.2894350056556223,0,False,True
lamah_231092,662.1448449755923,14.517825258673026,2,True,False
lamah_2319,27.091555695930225,2.9365813474367393,0,False,True
lamah_2327,42.77511721279641,3.6899515838969394,0,False,True
lamah_2355,183.3807668305676,7.640151243145271,1,True,False
lamah_2387,1582.469110117002,22.44360849620015,3,True,False
lamah_2410,113.63302111643064,6.014192715426678,0,False,True
lamah_2430,21.36643326327417,2.6079008685504825,0,False,True
lamah_2602,3224.718853398588,32.03841274470426,4,True,False
lamah_76276,338.21674127861587,10.375824421309797,0,False,True
